"ID","Kalimat","Kelas"
"0","RISALAH RESMI Tahun Sidang : 2014-2015 Masa Persidangan : III Rapat ke- : 27 Jenis Rapat : Rapat Paripurna DPR RI Sifat Rapat : Terbuka Hari, tanggal : Jumat, 24 April 2015 Waktu : Pukul 19 .","Other"
"1","30 WIB sd .","Other"
"2","selesai T e m p a t : Ruang Rapat Paripurna, Gedung Nusantara II Paripurna Lantai 3 Jl. Jenderal Gatot Subroto - Jakarta Pusat Acara : 1 .","Other"
"3","Pembicaraan Tingkat II Pengambilan Keputusan terhadap Rancangan Undang-undang tentang Penetapan Peraturan Pemerintah Pengganti Undang-undang Nomor 1 Tahun 2015 tentang Komisi Pemberantasan Tindak Pidana Korupsi Menjadi Undang-undang .","Other"
"4","Pidato Penutupan Masa Persidangan III Tahun Sidang 2014-2015 .","Statement"
"5","Ketua Rapat : Fadli Zon, S. S. , M. Sc .","Other"
"6","(Wakil Ketua DPR RI Bidang Polkam) Didampingi: 1 .","Other"
"7","Drs. Setya Novianto, Ak. (Ketua DPR RI) 2 .","Other"
"8","Dr. Agus Hermanto (Wakil Ketua DPR RI Bidang Inbang) 3 .","Other"
"9","Dr. Ir. H. Taufik Kurniawan, M. M. (Wakil Ketua DPR RI Bidang Ekku) 4 .","Other"
"10","Fahri Hamzah, S. E. (Wakil Ketua DPR RI Bidang Kesra) Sekretaris Rapat : Dr. Winangtuningtyastiti S. , M. Si .","Other"
"11","(Sekretaris Jenderal DPR RI) H a d I r : ANGGOTA DPR RI: 406 dari 560 orang Anggota dengan rincian: FRAKSI PARTAI DEMOKRASI INDONESIA PERJUANGAN 75 dari 109 orang Anggota; FRAKSI PARTAI FOLONGAN KARYA 68 dari 91 orang Anggota; FRAKSI PARTAI GERAKAN INDONESIA RAYA 57 dari 73 orang Anggota; FRAKSI PARTAI DEMOKRAT 49 dari 61 orang Anggota; FRAKSI PARTAI AMANAT NASIONAL 39 dari 48 orang Anggota; FRAKSI PARTAI KEBANGKITAN BANGSA 39 dari 47 orang Anggota; FRAKSI PARTAI KEADILAN SEJAHTERA 28 dari 40 orang Anggota; FRAKSI PARTAI PERSATUAN PEMBANGUNAN 21 dari 39 orang Anggota; FRAKSI PARTAI NASIONAL DEMOKRAT 26 dari 36 orang Anggota; FRAKSI PARTAI HANURA 14 dari 16 orang Anggota; SEKRETARIAT JENDERAL DPR RI: 1) Achmad Djuned, S. H. , M. H. (Wasekjen DPR RI) 2) Tatang Sutharsa, S. H. (Deputi Bidang Persidangan dan KSAP) 3) K. Johnson Rajagukguk, S. H. , M. H. (Deputi Bidang Perundang-undangan) 4) Drs. Helmizar (Kepala Biro Persidangan) 5) Dr. Dewi Barliana S. , S. H. , M. Hum .","Other"
"12","(Kepala Biro Kesekretariatan Pimpinan) 6) Dra. Mitra Anindyarina (Kepala Bagian Persidangan Paripurna) 3DAFTAR HADIR ANGGOTA DPR Rl PADA RAP AT PARiPURNA TANGGAL 24 APRIL 20151 .","Statement"
"13","FRAKSI PARTAI DEMOKRASI INDONESIA PERJUANGANNOURUTNAMA NOMORANGGOTA1 .","Other"
"14","Ir. TAGORE ABU BAKAR(Aceh II) 1242,H .","Other"
"15","IRMADI LUBIS(Sumut 1) 1253 .","Other"
"16","TRIMEDYA PANJAITAN .","Other"
"17","S. H. , M. H. (Sumut II) 1274 .","Other"
"18","ALEX INDRA LUKMAN(Sumbar 1) 1295 .","Other"
"19","Ir. EFFENDI SIANIPAR(Riau 1) 1316 .","Other"
"20","MARSIAMAN SARAGIH (Riau II)1327 .","Other"
"21","IHSAN YUNUS, M. E. Con .","Other"
"22",", Std .","Other"
"23","(Jambi)1338 .","Other"
"24","Ir. NAZARUDIN KIEMAS(Sumsel 1)1349 .","Other"
"25","H. R. ERWIN MOESLIMIN SINGAJURU, S. H. , M. H. (Sumsel II)13510 .","Other"
"26","YULIAN GUNHAR, S. H. , M. H. (Sumsel II)13611 .","Other"
"27","Hj. ELVA HART ATI, S. I. P. , M. M. (Bengkulu)13712 .","Other"
"28","Ir. ISMAYATUN(Lampung 1)13813 .","Other"
"29","SUDIN(Lampung 1)13914 .","Other"
"30","H. KRH .","Other"
"31","HENRY YOSODININGRAT, S. H. {Lampung II)14015 .","Other"
"32","ITET TRIDJAJATI SUMARIJANTO, M. B. A. (Lampung II)14116 .","Other"
"33","Ir. RUDIANTO TJEN(Bangka Belitung)14217 .","Other"
"34","DWI RIA LAT1FA, S. H. , M. Sc .","Statement"
"35","(Kepri)14318 .","Other"
"36","Dra. SARWO BUDI WIRY ANTI SUKAMDANI(DKIJakarta 1)14419 .","Suggestion"
"37","Ir. ERIKO SOTARDUGA, B. P. S. (DKI Jakarta II)14520 .","Other"
"38","MASINTON PASARIBU, S. H. (DKI Jakarta II)14621 .","Other"
"39","Drs. EFFENDI MS SIMBOLON, M. l .","Request"
"40","Pol .","Other"
"41","(DKI Jakarta III)1474NOURUT NAMANOMORANGGOTA22 .","Statement"
"42","DARMADI DURIANTO(DKI Jakarta till 14823 .","Other"
"43","CHARLES HONORIS(DKI Jakarta III) 14924 .","Statement"
"44","H. YADI SRIMULYADI(Jabar II) 15325 .","Statement"
"45","DIAH PITALOKA, S. Sos .","Other"
"46","(JabarIII) 15426 .","Other"
"47","dr. RIBKA TJIPTANING P. (Jabar IV) 15527 .","Other"
"48","ADIAN YUNUS YUSAK NAPITUPULU(Jabar V) 15628 .","Other"
"49","SUKUR H. NABABAN, S. T. (Jabar VI) 15829 .","Other"
"50","RISKA MARISKA, S. H. (Jabar VI)15930 .","Statement"
"51","DANIEL LUMBAN TOBING(Jabar VII)16131 .","Statement"
"52","Drs. YOSEPH UMARHADI, M. Si .","Statement"
"53",", M. A. (Jabar VIII}16232 .","Statement"
"54","ONO SURONO .","Other"
"55","S. T. (Jabar VIII)16333 .","Statement"
"56","MARUARAR SIRAIT(Jabar IX)16434 .","Other"
"57","Dr. TB .","Other"
"58","HASANUDDIN, M. M. (Jabar IX)16535 .","Other"
"59","DONY MARYADI OEKON, S. T. (Jabar XI)16736 .","Suggestion"
"60","EVITA NURSANTY, M. Sc .","Other"
"61","(Jatenq III)17137 .","Statement"
"62","H. IMAM SUROSO, S. Sos .","Other"
"63",", S. H. , M. M. (Jatenq III)17238 .","Other"
"64","Ir. BAMBANG WURYANTO, M. B. A. (Jatenq IV)17339 .","Other"
"65","ARIA BIMA( , JatenqV)17640 .","Other"
"66","RAHMAD HANDOYO, S. PL, M. M. (Jatenq V)17741 .","Other"
"67","ADISATRYA SURYO SULISTO(Jatenq VIII)18142 .","Statement"
"68","Ir. MUHAMMAD PRAKOSA(Jatenq IX) 18343 .","Other"
"69","DAMAYANTI WISNU PUTRANTI(Jatenq IX)18444 .","Other"
"70","Prof. Dr. HENDRAWAN SUPRATIKNO(Jatenq X)1855NOURUTrNAMA NOMORANGGOTA45 .","Other"
"71","MY ESTI WIJAYATI(DIY) 18746 .","Other"
"72","M GUR(JH |R|ANJ0 SUKARNO PUTRA, S. A. P. , M. M. , M. Si .","Opinion"
"73","(Jatim 1) 18847 .","Other"
"74","INDAH KURNIA(Jatim 1) 18948 .","Opinion"
"75","NURSUHUD(Jatim III)19249 .","Statement"
"76","ARIF WIBOWO(Jatim IV) 19350 .","Other"
"77","Drs. AHMAD BASARAH, M. H. (Jatim V)19451 .","Other"
"78","Ir. ANDREAS EDDY SUSETYO, M. M. (Jatim V)19552 .","Other"
"79","Dr. Ir. H. PRAMONO ANUNG WIBOWO, M. M. (Jatim VI)19653 .","Statement"
"80","ARTERIA DAHLAN, S. T. , S. H. (Jatim VI}19754 .","Statement"
"81","Ir. BUDI YUWONO, Dipl .","Other"
"82",", S. E. (JatimVI)19855 .","Statement"
"83","Drs. SIRMADJI, M. Pd .","Statement"
"84","(Jatim VII)19956 .","Statement"
"85","Ir. MINDO SIANIPAR(Jatim VIII)20057 .","Statement"
"86","SADARESTUWATI(Jatim VIII)20158 .","Other"
"87","M. H. SAID ABDULLAH(Jatim XI)20459 .","Statement"
"88","ICHSAN SOELISTIO(Banten II)20660 .","Other"
"89","MARINUS GEA, S. E. (Banten III)20861 .","Other"
"90","Drs. 1 MADE URIP, M. Si .","Statement"
"91","(Bali)20962 .","Other"
"92","Dr. Ir. WAY AN KOSTER, M. M. (Bali)21063 .","Other"
"93","NYOMAN DHAMANTRA(Bali)21264 .","Other"
"94","HERMAN HERRY(NTT II)21565 .","Other"
"95","dr. KAROLIN MARGARET NAT ASA(Kalbar)21666 .","Other"
"96","LASARUS, S. Sos .","Other"
"97",", M. Si .","Other"
"98","(Kalbar)21767 .","Other"
"99","Ir. G. MICHAEL JENO, M. M. (Kalbar)2186NOURUT NAMANOMORANGGOTA68 .","Statement"
"100","ASDY NARANG, S. H. , M. Comm .","Statement"
"101","LAW(Kalteng) 21969 .","Other"
"102","Dr. Ir. WILLY M. YOSEPH, M. M. (Kalteng) 22070 .","Other"
"103","AWANG FERDIAN HIDAYAT, M. M. (Kaltim) 22271 .","Other"
"104","OLLY DONDOKAMBEY, S. E. (Sulut) 22372 .","Other"
"105","MERCY CHRIESTY BARENDT, S. T. (Maluku) 22873 .","Other"
"106","IRINE YUSIANA ROBA PLJTRI, S. Sos .","Other"
"107",", M. Comn & Media .","Other"
"108",", S. T. (Maluku Utara) 22974 .","Other"
"109","KOMARUDIN WATUBUN, S. H. , M. H. (Papua) 23075 .","Other"
"110","TONY WARDOYO(Papua)231Jumlah kehadiran dari Fraksi Partai Demokrasi Indonesia Perjuangan 75 dari 109 orang Anggota2 .","Other"
"111","FRAKSI PARTAI GOLONGAN KARYANOURUTNAMA NOMORANGGOTA1 .","Other"
"112","H. M. SALIM FAKHRY, S. E. , M. M. (Aceh I)2332 .","Other"
"113","H. FIRMANDEZ(Aceh II)2343 .","Other"
"114","RAMBE KAMARULZAMAN, M. Sc .","Other"
"115",", M. M. (Sumut II)2364 .","Other"
"116","Dr. Capt .","Other"
"117","ANTHON SIHOMBING(Sumut III)2375 .","Other"
"118","BETTI SHADIQ PASADIGOE, S. E. Ak. , M. M. (Sumbar I)2396 .","Other"
"119","H. JOHN KENEDY AZIS, S. H. (Sumbar II) 2407 .","Other"
"120","Hj. SANIATUL LATIVA(Jambi)2438 .","Other"
"121","DODI REZA ALEX NOERDIN(Sumsel I)2449 .","Other"
"122","Drs. H. KAHAR MUZAKIR(Sumsel I)24510 .","Other"
"123","BOBBY ADHITYO RIZALDI, S. E. Ak. , M. B. A. , C. F. E. (Sumsel II)24611 .","Other"
"124","DWIE AROEM HADIATIE(Lampung I)2477NOURUTNAMA NOMORANGGOTA12 .","Other"
"125","Dr. M. AZIS SYAMSUDDIN(Lampunq II) 24813 .","Other"
"126","Ir. H. AZHAR ROMLI, M. Si .","Statement"
"127","(Bangka Belitung)|24914 .","Other"
"128","Ir. FAYAKHUN ANDRIADI, M. Kom .","Statement"
"129","(DKI Jakarta II) 25115 .","Other"
"130","Dra. POPONG OTJE DJUNDJUNAN(Jabar I) 25316 .","Statement"
"131","AGUS GUMIWANG KARTASASMITA(Jabar II) 25417 .","Other"
"132","Ir. H. LI LI ASDJUDIREDJA, S. E. , Ph .","Statement"
"133","D. (Jabar II) 25518 .","Other"
"134","Dr. H. DEDING ISHAK, S. H. , M. M. (Jabar III)25619 .","Other"
"135","EKA SASTRA(Jabar III)25720 .","Other"
"136","Hj. DEWI ASMARA, S. H. , M. H. (Jabar IV)25821 .","Other"
"137","Ir. H. AIRLANGGA HARTARTO, M. M. T. , M. B. A. (Jabar V)25922 .","Other"
"138","ICHSAN FIRDAUS(Jabar V)26023 .","Other"
"139","Dra. WENNY HARYANTO, S. H. (Jabar VI)26124 .","Other"
"140","Dr. H. ADE KOMARUDIN, M. H. (Jabar VII)26225 .","Other"
"141","Drs. H. DADANG S MUCHTAR(Jabar VII)26326 .","Other"
"142","DAVE AKBARSHAH FIKARNO LAKSONO, M. E. (Jabar VIII)26427 .","Other"
"143","H. DANIEL MUTAQIEN SYAFIUDDIN, S. T. (Jabar VIII)26528 .","Other"
"144","H. FERDIANSYAH, S. E. , M. M. (Jabar XI)26829 .","Other"
"145","H. AHMAD ZACKY SIRADJ(Jabar XI) 26930 .","Other"
"146","BOWO SIDIK PANGARSO, S. E. (Jatenq II)27231 .","Other"
"147","FIRMAN SOEBAGYO, S. E. , M. H. (Jateng III)27332 .","Other"
"148","Hj. ENDANG MARIA ASTUTI, S. Ag .","Other"
"149",", S. H. (Jatenq IV)27433 .","Other"
"150","ENDANG SRIKARTI HANDAYANI, S. H. , M. Hum .","Other"
"151","(Jateng V)275i4-  .","Other"
"152","BAMBANG SOESATYO, S. E. , M. B. A. (Jateng VII)2778NOURUTNAMA NOMORANGGOTA' 35 .","Other"
"153","H. DITO GANINDUTO, M. B. A. (Jateng VIII) 27836 .","Other"
"154","AGUNG WIDYANTORO, S. H. , M. Si .","Other"
"155","(Jateng IX) 27937 .","Other"
"156","H. MUKHAMAD MISBAKHUN, S. E. (Jatim II) 28338 .","Other"
"157","HARDISOESILO(Jatim III)28439 .","Other"
"158","H. MUHAMAD NUR PURNAMASIDi(Jatim IV) 28540 .","Other"
"159","Dr. H. GATOT SUDJITO, M. Si .","Other"
"160","(Jatim VII)28841 .","Other"
"161","H. MOHAMMAD SURYO ALAM, Ak. , M. B. A. (Jatim VIII) 28942 .","Other"
"162","Ir. H. S. W. YUDHA, M. Sc .","Other"
"163","(Jatim IX)29043 .","Other"
"164","ENI MAULANI SARAGIH(Jatim X)29144 .","Other"
"165","H. 2AINUDIN AMALI(Jatim XI)29245 .","Other"
"166","H. ANDIKA HAZRUMY, S. Sos .","Other"
"167","(Banten 1)29346 .","Other"
"168","YAYAT YULMARYATMO BIARO(Banteng II)29447 .","Other"
"169","H. ANDI ACHMAD DARA, S. E. (Banten III)29548 .","Other"
"170","H. MUHAMMAD LUTF1, S. E. (NTB)29849 .","Other"
"171","MELCHIAS MARKUS MEKENG(NTT 1)29950 .","Other"
"172","Drs. SETYA NOVANTO( n t t i i i __  .","Other"
"173","dr. CHARLES JONES MESANG(NTT II) 30152 .","Other"
"174","Ir. H. AHMADI NOOR SUPIT(Kalsel 1)30453 .","Statement"
"175","H. INDRO HANANTO(Kalsel 1)30554 .","Other"
"176","H. HASNURYADI SULAIMAN(Kalsel II)30655 .","Other"
"177","H. MAHYUDIN, S. T. , M. M. (Kaltim)30756 .","Other"
"178","Dr. Hj. NENI MOERNIAENI, Sp .","Other"
"179","OG .","Other"
"180","(Kaltim)30857 .","Other"
"181","H. MUHIDIN MOHAMAD SAID(Sulteng)3109NOURUTNAMA NOMORANGGOTA58 .","Other"
"182","Drs. HAMKA B. KADY(Sulsel I) 31159 .","Other"
"183","H. SYAMSUL BACHRI, M. Sc .","Other"
"184","(Sulsel II) 31260 .","Other"
"185","H. AND! RIO IDRIS PADJALANGI, S. H. , M. Kn .","Other"
"186","(Sulsel II) 31361 .","Other"
"187","drg. Hj. ANDI FAUZIAH PUJIWATIE HATTA, S. K. G. (Sulsel III) 31562 .","Other"
"188","Ir. RIDWAN BAE(S ultra)------------------ j31663 .","Other"
"189","Dr. Ir. FADEL MUHAMMAD(Gorontalo)317(64 .","Other"
"190","Drs. H. ROEM KONO(Gorontalo)j31865 .","Other"
"191","EDISON BETAUBUN, S. H. , M. H. (Maluku)32066 .","Other"
"192","Dr. SAIFUL BAHRI RURAY, S. H. , M. Si .","Other"
"193","(Maluku Utara)32167 .","Other"
"194","Pdt .","Other"
"195","ELION NUMBERI, S. Th. (Papua)32268 .","Other"
"196","ROBERT JOPPY KARDINAL, S. AB .","Other"
"197","(Papua Barat)323Jumlah kehadiran dari Fraksi Partai GOLKAR 68 dari 91 orang Anggota3 .","Other"
"198","FRAKSI PARTAI GERINDRANOURUTNAMA NOMORANGGOTA1 .","Other"
"199","FADHLULLAH(Aceh 1)3242 .","Other"
"200","KHAIDIR(Aceh II)3253,H .","Other"
"201","R. MUHAMMAD SYAFII, S. H. , M. Hum .","Other"
"202","(Sumut 1) 3264 .","Other"
"203","SUASANA DACHI, S. H. (Sumut II)3285 .","Opinion"
"204","Dr. H. SUIR SYAM, M. Kes .","Other"
"205",", M. M. R. (Sumbar 1)3306 .","Other"
"206","ADE REZKI PRATAMA, S. E. (Sumbar II)3317 .","Other"
"207","RITA ZAHARA, S. H. (Riau 1)3328 .","Other"
"208","H. NURZAHEDI, S. E. (Riau II)3339 .","Other"
"209","Ir. H. A. R. SUTAN ADIL HENDRA, M. M. (Jambi)33410NOURUTNAMA NOMORANGGOTA10 .","Other"
"210","Ir. SRI MELIYANA(Sumsel II) 33611 .","Other"
"211","SUSI MARLENY BACHSIN, S. E. , M. M. (Bengkulu) 33712 .","Other"
"212","H. AHMAD MUZANI(Lampung 1) 33813 .","Other"
"213","Ir. DWITA RIA(Lampung II) 33914 .","Statement"
"214","ASRIL HAMZAH TANJUNG, S. I. P. (DKIJakarta 1) 34015 .","Other"
"215","H. BIEM TRIANI BENJAMIN, B. Sc .","Other"
"216",", M. M. (DKI Jakarta II) 34116 .","Other"
"217","ARYO P. S. DJOJOHADIKUSUMO(DKI Jakarta III) 34217 .","Other"
"218","Dr. Ir. H. D. SODIK MUDJAHID, M. Sc .","Other"
"219","(Jabar 1) 34318 .","Other"
"220","Ir. H. AHMAD RIZA PATRIA, M. B. A. (Jabar III) 34519 .","Other"
"221","HERI GUNAWAN(Jabar IV) 34620 .","Other"
"222","FAD LI ZON, S. S. , M. Sc .","Other"
"223","(Jabar V) 34721 .","Other"
"224","Dr. Ir. H. KAR DAY A WAR NIKA, D. E. A. (Jabar VIII) 35022 .","Other"
"225","H. 0 0 SUTISNA, S. H. (Jabar IX)35123 .","Other"
"226","H. SUBARNA, S. E. , M. Si .","Other"
"227","(Jabar XI)35224 .","Other"
"228","Hj. SRIWULAN, S. E. (Jateng III)35525 .","Statement"
"229","RAHAYU SARASWATI DJOJOHADIKUSUMO(Jateng IV)35626 .","Other"
"230","Ir. H. HARRY POERNOMO(Jateng VI) 35827 .","Opinion"
"231","Ir. KRT .","Other"
"232","H. DARORI WONODIPURO, M. M. (Jatenq VII)35928 .","Other"
"233","Hj. NOVITA WIJAYANTI, S. E. M. M. (Jateng VIII)36029 .","Other"
"234","MOHAMAD HEKAL, M. B. A. (Jateng IX)36130 .","Other"
"235","RAMSON SIAGIAN(Jatenq X)36231 .","Other"
"236","ANDIKA PANDO PURAGABAYA, S. Psi. , M. Si .","Other"
"237",", M. Sc .","Other"
"238","(DIYj36332 .","Other"
"239","Ir. BAM BANG HARYO SOEKARTONO(Jatim 1) 36411NOURUTNAMA NOMORANGGOTA33 .","Other"
"240","Ir. SUMAIL ABDULLAHJJatim III} 36634 .","Request"
"241","b a m b a n g h a r y a d i, s  .","Other"
"242","e  .","Other"
"243","(Jatim IV) 36735 .","Other"
"244","MORENO SUPRAPTO(Jatim V) 36836 .","Statement"
"245","Ir. ENDRO HERMONO, M. B. A. (Jatim VI) 36937 .","Statement"
"246","Drs. SUPRIYANTO{Jatim VII) 37038 .","Other"
"247","WIHADI WIYANTO, S. H. (Jatim IX) 37239 .","Other"
"248","KHILM1(Jatim X) 37340 .","Other"
"249","H. ANDA, S. E. , M. M. (Banten 1) 37541 .","Other"
"250","H. DESMOND JUNAIDI MAHESA, S. H. , M. H. (Banten II)37642 .","Other"
"251","Ir. SUFMI DASCO AHMAD(Banten III)37743 .","Other"
"252","H. WILLGO ZAINAR, S. E. , M. B. A. (NTB)379i44 .","Other"
"253","PIUS LUSTRILANANG, S. I. P. , M. Si .","Other"
"254","(NTT 1)38045 .","Other"
"255","Ir. FARY DJEMY FRANCIS, M. M. A. (NTT II)38146 .","Other"
"256","KATHERINE A. OENDOEN(Kalbar)38247 .","Other"
"257","H. IWAN KURNIAWAN, S. H. (Kaltenq) 38348 .","Other"
"258","Drs. H. SYAIFUL RASYID, M. M. (Kalsel 1)38449 .","Other"
"259","Drs. H. SJACHRANI MATAJA, M. M. , M. B. A. (Kalsel II) 38550 .","Suggestion"
"260","LUTHER KOMBONG(Kaltim)38651 .","Other"
"261","Drs. WENNY WAROUW(Sulut)38752 .","Other"
"262","SUPRATMAN, S. H. , M. H. (Sultenq)38853 .","Other"
"263","Dr. H. AZIKIN SOLTHAN, M. Si .","Other"
"264","(Sulsel 1)38954 .","Other"
"265","Drs. H. ANDI NAWIR, M. P. (Sumsel III)39155 .","Suggestion"
"266","HAERUL SALEH, S. H. (Sultra)39212NOURUTNAMA NOMORANGGOTA56 .","Suggestion"
"267","Dra. Hj. RUSKATI ALI BAAL(Sulbar) 39457 .","Suggestion"
"268","ROBERTH ROUW(Papua) 396Jumlah kehadiran dari Fraksi Partai GERINDRA 57 dari 73 orang Anggota4 .","Other"
"269","FRAKSI PARTAI DEMOKRATNOURUTNAMA NOMORANGGOTA1 .","Other"
"270","H. TEUKU RIEFKY HARSYA, B. Sc .","Other"
"271",", M. T. (Aceh 1) 3972 .","Other"
"272","MUSLIM, S. H. , M. M. (Aceh II) 3983 .","Statement"
"273","RUHUT SITOMPUL, S. H. (Sumut 1)3994 .","Other"
"274","ROOSLYNDA MARPAUNG(Sumut II)4005 .","Statement"
"275","H. RUDI HARTONO BANGUN, S. E. , M. A. P. (Sumut III)4016 .","Statement"
"276","H. DARIZAL BASIR(Sumbar 1)4027 .","Other"
"277","Ir. H. MULYADI(Sumbar II)4038 .","Statement"
"278","Hj. MUKHNIARTY, S. E. , M. Si .","Other"
"279","(Riau 1)4049 .","Other"
"280","Drs. H. ZULFIKAR ACHMAD(Jamb!)40610 .","Other"
"281","WAHYU SANJAYA, S. E. (Sumsel II)40811 .","Suggestion"
"282","H. ZULKIFLI ANWAR(Lampung 1)40912 .","Other"
"283","Ir. H. MARWAN CIK ASAN, M. M. {Lampung II) 41013 .","Suggestion"
"284","EKO WIJAYA(Bangka Belitung)41114 .","Other"
"285","DWI ASTUTI WULANDARI(DKI Jakarta 1)41215 .","Other"
"286","Hj. MELANIE LEIMENA SUHARLI(DKI Jakarta II)413i 16 .","Suggestion"
"287","H. AGUNG BUDI SANTOSO, S. H. , M. M. (Jabar 1)41417 .","Other"
"288","DEDE YUSUF MACAN EFFENDI, S. T. , M. Si .","Other"
"289","(Jabar II)41518 .","Other"
"290","ANTON SUKARTONO SURATTO(Jabar V)41713NOURUTNAMA NOMORANGGOTA19 .","Other"
"291","SAAN MUSTOPA, M. Si .","Other"
"292","(Jabar VII) 41820 .","Other"
"293","Ir. H. E. HERMAN KHAERON, M. Si .","Other"
"294","( JabarVIII) 41921 .","Other"
"295","LINDA MEGAWATI, S. E. , M. Si .","Other"
"296","{Jabar IX) 42022 .","Other"
"297","H. AMIN SANTONO, S. Sos .","Other"
"298","{Jabar X) 42123 .","Other"
"299","SITI MUFATTAHAH, Psi. (Jabar XI) 42224 .","Other"
"300","Dr. AGUS HERMANTO(Jateng 1) 42325 .","Statement"
"301","Dr. Ir. DJOKO UDJIANTO, M. M. {Jateng III) 42426 .","Suggestion"
"302","RINTO SUBEKTI, S. E. , M. M. {Jateng IV)4252 j Ir. FANDI UTOMO(Jatim 1)42828 .","Statement"
"303","Ir. H. AZAM AZMAN NATAWIJANA(Jatim III)43029 .","Suggestion"
"304","Drs. AYUB KHAN(Jatim IV)43130 .","Other"
"305","VENNA MELINDA, S. E. (Jatim VI)43331 .","Other"
"306","EDHIE BASKORO YUDHOYONO, M. Sc .","Other"
"307","(Jatim VII)43432 .","Other"
"308","SARTONO HUTOMO(Jatim VII)43533 .","Other"
"309","DIDIK MUKRIANTO, S. H. (Jatim IX)43734 .","Other"
"310","H. MAT NASIR, S. Sos .","Other"
"311","(Jatim XI)43835 .","Other"
"312","VIVI SUMANTRI JAYABAYA, S. Sos .","Other"
"313","(Banten 1) 43936 .","Other"
"314","Drs. H. WAHIDIN HALIM, M. Si .","Other"
"315","(Banten III)440L i37 .","Other"
"316","1 PUTU SUDIARTANA(Bali)44238 .","Other"
"317","ERMA SURYANI RANIK, S. H. (Kalbar)446 |39 .","Other"
"318","NORBAITI ISRAN NOOR, A. Md,(Kaltim)44740 .","Other"
"319","EVERT ERENST MANGINDAAN, S. I. P. (Sulut)44841 .","Other"
"320","dr. VERNA G LADIES M. IN KIRI WANG(Sulteng)44914NOURUTNAMA NOMORANGGOTA42 .","Other"
"321","Hj. ALIYAH MUSTIKA ILHAM, S. E. (Sulse[ IJ 45043 .","Other"
"322","Ir. H. MUHAMMAD NASYIT UMAR, S. P. (Sulsej I]} 45144 .","Other"
"323","Dr. Ir. BAHRUM DAIDO, M. Si .","Other"
"324","(Sulsel III) 45245 .","Other"
"325","Drs. H. UMAR ARSAL(Sultra) 45346 .","Other"
"326","MAYJEN TNI (PURN) SALIM MENGGA(Sulbar) 45447 .","Other"
"327","LIBERT KRISTO IBO, S. Sos .","Other"
"328",", S. H. , M. H. (Papua) 45548 .","Other"
"329","WILLEM WANDIK, S. Sos .","Other"
"330","(Papua) 45649 .","Other"
"331","MICHAEL WATTIMENA, S. E. , M. M. (Papua Bar at) 457Jumlah kehadiran dari Fraksi Partai Demokrat 49 dari 61 orang Anggota5 .","Other"
"332","FRAKSI PARTAI AMANAT NASIONALNOURUTNAMANOMORANGGOTA1 .","Other"
"333","H. MUSLIM AYUB, S. H. , M. M. (Aceh 1)4582 .","Other"
"334","Dr. SALEH PARTAONAN DAULAY, M. Ag .","Other"
"335",", M. Hum .","Other"
"336",", M. A. (Sumut II)4603 .","Other"
"337","H. NASRILBAHAR, S. E. (Sumut III)4614 .","Other"
"338","H. MHD ASLI CHAIDIR, S. H. (Sumbar 1)4625 .","Other"
"339","H. JON ERIZAL, S. E. , M. B. A. [Riau 1}4636 .","Other"
"340","H. A. BAKRI HM, S. E. (Jambi)4647 .","Request"
"341","Ir. H. ACHMAD HAFISZ TOHIR(Sumsel 1)4658 .","Request"
"342","HANNA GAYATRI, S. H. (Sumsel II)466i9 .","Other"
"343","ZULKIFLI HASAN, S. E. , M. M. (Lampung 1)46810 .","Request"
"344","H. ASMAN ABNUR, S. E. M. Si .","Request"
"345","(Kepri)47011 .","Other"
"346","Hj. DESY RATNASARI, M. Si .","Other"
"347",", M. Psi. (Jabar VI)47212 .","Other"
"348","PRIMUS YUSTISIO, S. E. (Jabar V)47315NOURUT NAMA_ .","Other"
"349","INOMORANGGOTA13 .","Other"
"350","DAENG MUHAMMAD, S. E. , M. Si .","Other"
"351","(Jabar VII) 47514 .","Other"
"352","BUDI YOUYASTRI(Jabar X) 47615 .","Other"
"353","HAERUDIN, S. Ag .","Other"
"354",", M. H. (Jabar XI) 47716 .","Other"
"355","YAYUK BASUKI(Jateng I) 47817 .","Other"
"356","MOHAMMAD HATTA(Jatenq V) 48018,Dr .","Other"
"357","Ir. TAUFiK KURNIAWAN, M. M. (Jateng VII) 482 (19 .","Other"
"358","AMMY AMALIA FATMA SURYA, S. H. , M. Kn .","Other"
"359","(Jateng VIII)48320 .","Other"
"360","ANDRIYANTO JOHAN SYAH(Jateng X)_______________________________ 48521 .","Other"
"361","H. A. HANAFI RAIS, S. I. P. , M. P. P. (o m48622 .","Other"
"362","H. SUNGKONO(Jatim 1)48723 .","Other"
"363","ANANG HERMANSYAH(Jatim IV)48824 .","Other"
"364","H. TOTOK DARYANTO, S. E. (Jatim V)48925 .","Other"
"365","Ir. A. RISKI SADIG(Jatim VI)49026 .","Other"
"366","EKO HENDRO PURNOMO, S. Sos .","Other"
"367","(Jatim VIII)49127 .","Other"
"368","Drs. H. KUSWIYANTO, M. Si .","Statement"
"369","(Jatim IX)49228 .","Other"
"370","VIVA YOGA MAULADI, M. Si .","Statement"
"371","(Jatim X) 49329 .","Other"
"372","H. YANDRI SUSANTO(Banten II)49430 .","Opinion"
"373","H. MUHAMMAD SYAFRUDIN, S. T. , M. M. (NTB)49631 .","Other"
"374","H. SYAHRULAN PUA SAWA(NTT 1)49732 .","Other"
"375","H. SUKIMAN, S. Pd .","Other"
"376",", M. M. (Kalbar)49833 .","Other"
"377","HANG ALI SAPUTRA SYAH PAHAN, S. H. (Kaltenq)49934 .","Other"
"378","Dra. YASTI SOEPREDJO MOKOAGOWj (Sulut)50035 .","Other"
"379","INDIRA CHUNDATHITA SYAHRUL, S. E. , M. M. (Sulsel 1)50116NOURUT NAMANOMORANGGOTA36 .","Other"
"380","Ir. H. ANDI TAUFAN TIRO(Sulsel II) 50237 .","Statement"
"381","AMRAN, S. E. (Sulsel '111 50338 .","Other"
"382","Dra. Hj. TINA NUR ALAM, M. M. (Sultra) 50439 .","Other"
"383","H. JAM ALU D DIN JAFAR, S. H. , M. H. (Papua) 505Jumlah kehadiran dari Fraksi Partai Amanat Nasional 39 dari 48 orang Anggota6 .","Other"
"384","FRAKSI PARTAI KEBANGKITAN BANGSANOURUTNAMANOMORANGGOTA1 .","Other"
"385","H. IRMAWAN, S. Sos .","Other"
"386",", M. M. (Aceh 1)372 .","Other"
"387","MARWAN DASOPANG(Sumut II)383 .","Statement"
"388","H. HANDAYANI, S. K. M. (Jambi)404 .","Other"
"389","BERTU MERLAS, S. T. (Sumsel II)415 .","Statement"
"390","Drs. H. MUSA ZAINUDDIN(Lampunq 1)426 .","Other"
"391","Hj. CHUSNUNIA CHALIM, M. Si .","Other"
"392","(Lampung II)43  .","Other"
"393","I7 .","Other"
"394","H. CUCUN AHMAD SYAMSURIJAL, S. Ag .","Other"
"395","(Jabar II)44 |8 .","Other"
"396","NENG EEM MARHAMAH ZULFA HIZ, S. Fil .","Other"
"397","(Jabar III)45!9 .","Other"
"398","KRISNA MUKTI(Jabar VII)I | 46(10 .","Other"
"399","H. DEDI WAHIDI, S. Pd .","Other"
"400","(Jabar VIII)[47i i11 .","Other"
"401","H. MAMAN IMANULHAQ(Jabar IX)4812 .","Other"
"402","H. YANUAR PR1HATIN , M. Si .","Other"
"403","(Jabar X)49l13 .","Other"
"404","H. ACEP ADANG RUHIAT(Jabar XI)50! ARVIN HAKIM TOHAI (Jateng III) f 53\ Drs. H. MOHAMAD TOHA, S. Sos .","Other"
"405",", M. Si .","Other"
"406","i (Jateng V)5417NO ! URUT NAMANOMORANGGOTA16 .","Statement"
"407","Drs. H. TAUFIQ R. ABDULLAH(Jaieng VII) 5617 .","Statement"
"408","H. BAHRUDIN NASORI, S. Si .","Other"
"409",", M. M. [Jatenq IX) 5818 .","Other"
"410","H. YAQUT CHOLIL QOUMAS(Jateng X) .","Other"
"411","Drs. H. BISRI ROMLY, M. M. (Jateng X) 6020 .","Other"
"412","H. AGUS SULISTIYONO, S. T. , M. T. m i  .","Other"
"413","ARZETTY BILBINA, S. E. (Jatim 1)6222 .","Other"
"414","H. SYAIKHUL ISLAM ALI, Lc .","Other"
"415",", M. Sos .","Other"
"416","(Jatim 1)6323 .","Other"
"417","ABDUL MALIK HARAMAIN, M. Si .","Other"
"418","(Jatim II)6424 .","Other"
"419","Hj. NIHAYATUL WAFIROH, M. A. (Jatim III)6525 .","Other"
"420","Ir. M. NASIM KHAN(Jatim III)6626 .","Other"
"421","Drs. H. M. SYAIFUL BAHRI ANSHORI, M. P. (Jatim IV)6727 .","Other"
"422","HADI ZAINAL ABIDIN, S. Pd .","Other"
"423",", M. M. (Jatim IV)6828 .","Other"
"424","Dra, Hj. LATHIFAH SHOHIB(Jatim V)6929 .","Other"
"425","Drs. IBNU MULTAZAM(Jatim VII)7130 .","Other"
"426","Drs. H. ABD .","Other"
"427","MUHAIMIN ISKANDAR, M. Si .","Other"
"428","(Jatim VIII)7231 .","Other"
"429","Dra. Hj. IDA FAUZIYAH, M. Si .","Other"
"430","(Jatim VIII)7332 .","Other"
"431","Hj. ANNA MUAWANAH, S. E. , M. H. (Jatim IX) 7433 .","Other"
"432","H. JAZILUL FAWAID, S. Q. , M. A. (Jatim X)7534 .","Other"
"433","Dr. K. H. KHOLILURRAHMAN, S. H. , M. Si .","Other"
"434","(Jatim XI)7635 .","Other"
"435","Dra. Hj. SITI MASRIFAH, M. A. (Banten III)7736 .","Statement"
"436","Ir. H. A. HELMY FAISHAL ZAINI(NTB)7837 .","Other"
"437","Dr. H. ZAINUL ARIFIN NOOR, S. E. , M. M. (Kalsel 1)8038 .","Other"
"438","Dr. H. M. ZAIRULLAH AZHAR(, KalselII)8118NOURUT NAMANOMORANGGOTA39 .","Other"
"439","HJ .","Other"
"440","ROHANI VANATH(Maluku) 82Jumlah kehadiran dari Fraksi Partai Kebangkitan Bangsa 39 dari 47 orang Anggota7 .","Opinion"
"441","FRAKSI PARTAI KEADILAN SEJAHTERANOURUTNAMANOMORANGGOTA1 .","Other"
"442","H. MUHAMMAD NASIR DJAMIL, S. Ag .","Other"
"443","(Aceh 1) 842 .","Other"
"444","H. ISKAN QOLBA LUBIS, M. A. (Sumut II)863 .","Other"
"445","ANSORY SIREGAR, Lc .","Other"
"446","(Sumut III)874 .","Other"
"447","Dr. HERMANTO, S. E. , M. M. (Sumbar 1)885 .","Other"
"448","H. REFRIZAL(Sumbar II) 896 .","Other"
"449","H. MUSTAFA KAMAL, S. S. (Sumsel 1)917 .","Other"
"450","Drs. H. MOHD .","Other"
"451","IQBAL ROMZI(Sumsel II)928 .","Other"
"452","Drs. AL MUZZAMMIL YUSUF, M. Si .","Other"
"453","(Lampung 1)939 .","Other"
"454","Dr. H. M. HI DAY AT NUR WAHID, M. A. (DK! Jakarta II)9610 .","Other"
"455","Drs. H. ADANG DARADJATUN(DKI Jakarta III)9711 .","Other"
"456","Hj. LEDIA H. AMALIAH, S. Si .","Other"
"457",", M. Psi. T. (Jabar 1)9812 .","Other"
"458","H. ECKY AWAL MUCHARAM, S. E. Ak. (Jabar III)10013 .","Other"
"459","Ir. H. YUDI WIDIANA ADIA, M. Si .","Other"
"460","(Jabar IV) 10114 .","Other"
"461","H. TB .","Other"
"462","SOENMANDJAJA(Jabar V)102i15 .","Other"
"463","H. MAHFUDZ ABDURRAHMAN, S. Sos .","Other"
"464","(Jabar VI)I103|16 .","Other"
"465","Dr. H. SA'DUDDIN, M. M. (Jabar VII)10417 .","Other"
"466","Drs. MAHFUDZ SIDDIQ, M. Si .","Other"
"467","(Jabar VIII)10518 .","Other"
"468","H. NURHASAN ZAIDI(Jabar IX)10619 .","Other"
"469","Dr. K. H. SURAHMAN HIDAYAT, M. A. (Jabar X)10719NOURUTNAMA NOMORANGGOTA20 .","Other"
"470","Drs. H. HAMID NOOR YASIN, M. M. (Jateng IV) 11021 .","Other"
"471","H. ABDUL KHARIS ALMASYHARI, S. E. , M. Si .","Other"
"472",", Akt. (Jateng V) 11122 .","Other"
"473","Drs. ABDUL FIKRI, M. M. (Jateng IX) 11223 .","Other"
"474","Dr. H. SUKAMTA(DIY)11324 .","Other"
"475","ir .","Other"
"476","H. SIGIT SOSIANTOMO(Jatim 1) 11425 .","Other"
"477","H. ROFI MUNAWAR, Lc .","Other"
"478","(Jatim VII) 11526 .","Other"
"479","Dr. ZULKIEFLIMANSYAH, S. E. , M. Sc .","Other"
"480","(Banten II) 11627 .","Other"
"481","H. FAHRI HAMZAH, S. E. (NTB) 11828 .","Other"
"482","MUHAMMAD YUDI KOTOUKY(Papua)123Jumlah kehadiran dari Fraksi Partai Keadilan Sejahtera 28 dari 40 orang Anggota8 .","Other"
"483","FRAKSI PARTAI PERSATUAN PEMBANGUNANNOURUTNAMANOMORANGGOTA1 .","Other"
"484","H. FADLY NURZAL, S. Ag .","Other"
"485","(Sumut III)508j2 .","Other"
"486","H. EPYARDI ASDA, M. Mar .","Other"
"487","(Sumbar 1)5093 .","Other"
"488","H. ACHMAD FAUZAN HARUN, S. H. , M. Kom .","Other"
"489","l .","Other"
"490","(DKI Jakarta 1)5124 .","Other"
"491","Dr. H. R. ACHMAD DIMYATI NATAKUSUMAH, S. H. , M. H. , M. Si .","Other"
"492","(DKI Jakarta III)5145 .","Other"
"493","H. JOKO PURWANTO(Jabar III) 5156 .","Other"
"494","H. ACHMAD FARIAL(Jabar V)5177 .","Other"
"495","Dra. Hj. WARDATUL ASRIAH(Jabar VII)5188 .","Statement"
"496","ASEP A. MAOSHUL AFFANDY(Jabar X)5209 .","Statement"
"497","Hj. NURHAYATI(Jabar XI)52110 .","Statement"
"498","H. MUKHLISIN(Jatenq II)52211 .","Other"
"499","H. MOHAMAD ARWANi THOMAFI(Jatenq III)523j20NOURUTNAMA NOMORANGGOTA12 .","Other"
"500","K. H. MUSLICH ZA .","Other"
"501","(Jateng VI) 524 j13 .","Other"
"502","Ir. H. M. ROMAHURMUZIY, M. T. (Jateng VII) 52514 .","Other"
"503","Drs. H. ZAINUT TAUHID SA'ADI, M. Si .","Other"
"504","(Jateng IX) 52715 .","Other"
"505","H. ARSUL SANI, S. H. , M. Si .","Other"
"506","(Jateng X)________ 52816 .","Other"
"507","H. ISKANDAR D. SYAICHU, S. E. (Jatim X) 53117 .","Other"
"508","FANNY SAFRIANSYAH, S. E. (Jatim XI) 53218 .","Other"
"509","Hj. IRNA NARULITA, S. E. , M. M. (Banten 1) 53319 .","Other"
"510","Hj. KARTIKA YUDHISTI, B. Eng,, M. Sc .","Other"
"511","(Banten II) 53420 .","Other"
"512","Hj. FATMAWATI RUSDI, S. E. (Sulsel III) 54321 .","Other"
"513","Dr. H. MZ .","Other"
"514","AMIRUL TAM1M, M. Si .","Other"
"515","(Sultra)544Jumlah kehadiran dari Fraksi Partai Persatuan Pembangunan 21 dari 39 orang Anggota9 .","Other"
"516","FRAKSI PARTAI NASDEMNOURUTNAMANOMORANGGOTA1 .","Other"
"517","Prof. Dr. BACHTIAR ALY, M. A. (Aceh 1)12 .","Other"
"518","ZULFAN LINDAN(Aceh II)23 .","Other"
"519","SAHAT SILABANJSumut II)44 .","Other"
"520","H. M. ALI UMRI, S. H. , M. Kn .","Other"
"521","(Sumut III)55 .","Other"
"522","H. ENDRE SAIPOEL(Sumbar 1)66 .","Other"
"523","IRMASURYANI(Sumsel II)77 .","Other"
"524","Drs. TAMANURI, M. M. (Lampung II)  .","Other"
"525","9ji8 .","Other"
"526","Drs. H. NYAT KADIR(KEPRI)109 .","Other"
"527","H. AHMAD SAHRONI, S. E. (DKI Jakarta III)  .","Other"
"528","MAY JEN TNI (Purn) SUPIADIN ARIES SAPUTRA(Jabar XI)1221NOURUTNAMA NOMORANGGOTA11 .","Other"
"529","Drs. FADHOLI(Jateng 1) 1312 .","Other"
"530","ALI MAHIR(Jateng II) 1413 .","Other"
"531","DONNY IMAM PRIAMBODO, S. T. , M. M. (Jateng III) 1514 .","Other"
"532","Drs. K. H. CHOIRUL MUNA(Jateng VI) 1615 .","Other"
"533","Drs. H. HASAN AMINUDIN, M. Si,(Jatim II)1816 .","Other"
"534","Drs. T. TAUFIQULHADI, M. Si .","Other"
"535","(Jatim IV)1917 .","Other"
"536","MOHAMMAD MAHARDHIKA SUPRAPTO(Jatim VI)2118 .","Other"
"537","drg. Hj. YAYUK SRIRAHAYUNINGSIH, M. M. , M. H. (Jatim VII)2219 .","Other"
"538","H. SLAMET JUNAIDI(Jatim XI)2420 .","Other"
"539","Dr. H. KURTUBI, S. E. , M. Sp .","Other"
"540",", M. Sc .","Other"
"541","(NTB)2621 .","Other"
"542","H. HAMDHANI, S. I. P. (Kalteng)3022 .","Other"
"543","Dr. H. ACHMAD AMINS, M. M. (Kaltim)3123 .","Other"
"544","AKBAR FAISAL(Sulsel II)3324 .","Other"
"545","Drs. MUCHTAR LUTHFI MUTTY, M. Si .","Other"
"546","(Sulsel III)3425 .","Other"
"547","Dr. ACHMAD HATARI, S. E. , M. Si .","Other"
"548","(Maluku Utara)3526 .","Other"
"549","SULAEMAN L. HAMZAH(Papua)36Jumlah kehadiran dari Fraksi Partai Nasional Demokrat 26 dari 36 orang Anggota2210 .","Other"
"550","FRAKSI PARTAI HANURANOURUT NAMANOMORANGGOTA1 .","Other"
"551","lr .","Other"
"552","NURDIN TAMPUBOLON(Sumut 1) 5452 .","Other"
"553","ROf INOS HOTMAULANA HUTAHURUK, S. H. M. M. M. H. (Sumut II) 5463 .","Other"
"554","SAMSUDIN SIREGAR, S. H. (Sumut III) 5474 .","Other"
"555","FAUZIH H. AMRO, M. Si .","Other"
"556","(Sumsel 1) 5485 .","Other"
"557","MOH .","Other"
"558","AR1EF S. SUDITOMO, S. H. , M. A. (Jabar 1) 5506 .","Other"
"559","H. DADANG RUSDIANA, S. E. , M. Si .","Other"
"560","(Jabar II)5517,CAPT .","Other"
"561","H. DJONI ROLINDRAWAN, S. E. , M. Mar .","Other"
"562",", M. B. A. (Jabar III)5528 .","Other"
"563","Dr. H. DOSSY ISKANDAR PRASETYO(Jatim VIII)5549 .","Other"
"564","Dr. H. M. FARID ALFAUZI(Jatim XI)55510 .","Other"
"565","H. INAS NASRULLAH ZUBIR, B. E. , S. E. (Banten III)55611 .","Other"
"566","LALU GEDE SYAMSUL MUJAHIDIN, S. E. (NTB)557|12 .","Other"
"567","FERRY KASE, S. H. (NTT II)55813 .","Other"
"568","H. SARIFUDDIN SUDDING, S. H,, M. H. (Sulteng)55914 .","Other"
"569","Hj. DEWIE YASIN LIMPO .","Other"
"570","S. E. (Sulsel 1)560Jumlah kehadiran dari Fraksi Partai HANURA 14 dari 16 orang Anggota23KETUA RAP AT (FADLI ZON, SS, MSc):Yang terhormat Menteri Hukum dan HAM beserta jajarannya, Yang terhormat para Anggota DPR Rl,Hadirin sekalian yang berbahagia .","Request"
"571","Assalamu'alaikum WarahmatullaahiWabarakatuh .","Other"
"572","Terima kasih .","Other"
"573","Pertama, marilah kita panjatkan puji syukur kehadirat Allah SWT, Tuhan Yang Maha Esa, yang telah melimpahkan rahmat dan karunia-Nya kepada kita semua, sehingga kita dapat menjalankan tugas konstitusional kita dalam keadaan sehat walafiat .","Other"
"574","Menurut catatan dari Sekretariat Jenderal DPR Rl, daftar hadir pada permulaan Rapat Paripurna DPR Rl hari ini telah ditandatangani oleh 333 orang dari 555 Anggota, dengan perincian sebagai berikut:90 orang anggota .","Other"
"575","73 orang anggota .","Other"
"576","60 orang anggota .","Other"
"577","48 orang anggota .","Other"
"578","47 orang anggota .","Other"
"579","40 orang anggota .","Other"
"580","39 orang anggota .","Other"
"581","36 orang anggota .","Other"
"582","16 orang anggota .","Other"
"583","dengan mengucapBismillaahirrahmaanirrahiim perkenankanlah kami selaku Pimpinan Dewan membuka Rapat Paripurna DPR Rl yang ke-27 Masa Persidangan III Tahun Sidang 2014-2015, hari Jumat, 24 April 2015, dan kami nyatakan terbuka untuk umum .","Request"
"584","Fraksi PDI Perjuangan : 55 dari 1i2 .","Other"
"585","Fraksi Partai Golongan Karya 55 dari i3 .","Other"
"586","Fraksi Partai Gerakan Indonesia Raya 50 dari4 .","Other"
"587","Fraksi Partai Demokrat 45 dari *5 .","Other"
"588","Fraksi Partai Amanat Nasional 25 dari6 .","Other"
"589","Fraksi Partai Kebangkitan Bangsa 32 dari 7 .","Other"
"590","Fraksi Partai Keadilan Sejahtera 22 dari8 .","Other"
"591","Fraksi Partai Persatuan Pembangunan 14 dari9 .","Other"
"592","Fraksi Partai Nasional Demokrat 21 dari10 .","Other"
"593","Fraksi Partai Hati Nurani Rakyat 14 dariDengan demikian kuorum telah tercapai dan(RAPAT DIBUKA PUKUL 20 .","Other"
"594","15 WIB)Berdasarkan Pasal 59 Ayat (1) huruf d Undang-undang Nomor 24 Tahun 2009 tentang Bendera, Bahasa, dan Lambang Negara serta Lagu Kebangsaan disebutkan bahwa Lagu Kebangsaan wajib diperdengarkan dan/atau dinyanyikan: dalam acara pembukaan sidang paripurna MPR, DPR, DPRD dan DPD .","Other"
"595","Berkaitan dengan itu, izinkan kami mengajak seluruh hadirin untuk berdiri dan menyanyikan lagu kebangsaan Indonesia Raya .","Other"
"596","(MENYANYIKAN LAGU KEBANGSAAN INDONESIA RAYA)Hadirin kami persilakan duduk kembali .","Other"
"597","24Sidang Dewan yang kami hormati,Sesuai hasil Rapat Konsultasi DPR Ri dengan Pimpinan Fraksi DPR R! pengganti Rapat Bamus DPR RI, tanggal 21 April 2015, acara Rapat Paripurna hari ini adalah:1 .","Statement"
"598","Pembicaraan Tingkat II Pengambilan Keputusan terhadap RUU tentang Penetapan Peraturan Pemerintah Pengganti Undang-undang Nomor 1 Tahun 2015 tentang Perubahan atas Undang-undang Nomor 30 Tahun 2002 tentang Komisi Pemberantasan Tindak Pidana Korupsi menjadi undang-undang;2 .","Statement"
"599","Pidato Penutupan Masa Sidang III Tahun Sidang 2014-2015 .","Statement"
"600","Kami menanyakan kepada Sidang Dewan yang terhormat apakah acara rapat tersebut dapat disetujui?(RAPAT: SETUJU)Terima kasih .","Statement"
"601","Sidang Dewan yang kami hormati,Sebelumnya kami beritahukan bahwa Pimpinan Dewan telah menerima sepucuk surat dari Presiden Republik Indonesia dengan Nomor R-25/Pres/04/2015, tertanggal 20 April 2015, perihal Penyampaian Nama-nama Calon Anggota Lembaga Sensor Film .","Statement"
"602","Selanjutnya untuk surat tersebut sesuai dengan Peraturan DPR RI tentang Tata Tertib akan ditindaklanjuti sesuai dengan mekanisme yang berlaku .","Statement"
"603","Sidang Dewan yang kami hormati,Selanjutnya mari kita masuki acara pertama Rapat Paripurna Dewan pada hari ini yaitu Pembicaraan Tingkat II Pengambilan Keputusan terhadap RUU tentang Penetapan Peraturan Pemerintah Pengganti Undang-undang Nomor 1 Tahun 2015 tentang Perubahan atas Undang-undang Nomor 30 Tahun 2002 tentang Komisi Pemberantasan Tindak Pidana Korupsi menjadi undang-undang .","Statement"
"604","Perlu kami beritahukan bahwa berdasarkan ketentuan Pasal 171 Ayat (1) Undang-undang Nomor 17 Tahun 2014 tentang MPR, DPR, DPD dan DPRD Pembicaraan tingkat II merupakan pengambilan keputusan dalam rapat paripurna DPR dengan kegiatan; penyampaian laporan yang berisi proses, pendapat mini fraksi, pendapat mini DPD dan hasil pembicaraan tingkat I, pernyataan persetujuan atau penolakan dari tiap-tiap fraksi dan anggota DPR secara lisan yang diminta oleh pimpinan rapat paripurna, dan pendapat akhir Presiden yang disampaikan oleh menteri yang mewakilinya"" .","Statement"
"605","25Untuk itu kami persilakan kepada Pimpinan Komisi III DPR Rl yang terhormat Saudara Dr. H. M. Azis Syamsuddin, S. H. , M. A. F. , M. H. untuk menyampaikan laporannya .","Statement"
"606","Kami persilakan .","Other"
"607","F-PG (Dr H M AZIS SYAMSUDDIN, SE, SH, MAF, MH):Bismillaahirrahmaanirrahiim .","Other"
"608","Assalaamu'alaikum Warrahmatullaahi Wabarakatuh,Selamat malam dan salam sejahtera untuk kita semua,Om swastiastu untuk umat beragama .","Statement"
"609","Yang kami hormati dan kami banggakan Saudara Pimpinan Rapat Paripurna,Yang kami hormati Bapak dan Ibu Anggota Dewan Perwakilan Rakyat Republik Indonesia,Yang kami hormati Saudara Menteri Hukum dan HAM beserta seluruh jajaran, serta para hadirin, hadirat yang kami muliakan .","Statement"
"610","Pertama-tama, marilah kita memanjatkan puji dan syukur kehadirat Allah SWT atas rahmat dan perkenan-Nya maka kita semua dalam kondisi sehat wal'afiat dalam rangka untuk Pengambilan Keputusan Pembicaraan Tingkat II terhadap Rancangan Undang-undang tentang Penetapan Peraturan Pemerintah Pengganti Undang-undang Nomor 1 Tahun 2015 tentang Perubahan atas Undang-undang Nomor 30 Tahun 2002 tentang Komisi Pemberantasan Tindak Pidana Korupsi .","Statement"
"611","Bapak dan Ibu para Anggota Dewan yang kami hormati dan kami banggakan,Berdasarkan Pasal 22 Ayat (2) Undang-Undang Dasar Negara Republik Indonesia Tahun 1945 yang mengatur bahwa peraturan pemerintah pengganti undang- undang harus mendapatkan persetujuan Dewan Perwakilan Rakyat Republik Indonesia dalam masa sidang yang berikutnya .","Statement"
"612","Selanjutnya berdasarkan Surat Presiden Nomor R-19/Pres/03/2015, tertanggal 3 Maret 2015 yang kemudian ditindaklanjuti dengan Badan Musyawarah tanggal 2 April 2015, telah diputuskan bahwa Komisi III DPR Rl bertugas untuk membahas Rancangan Undang-undang tentang Penetapan Perpu Nomor 1 Tahun 2015 tentang Perubahan atas Undang-undang Nomor 30 Tahun 2002 tentang Komisi Pemberantasan Tindak Pidana Korupsi .","Statement"
"613","Berdasarkan hal tersebut, Surat Keterangan Presiden yang disampaikan oleh Saudara Menteri Hukum dan HAM dalam Rapat Kerja Komisi III DPR Rl, tanggal 20 April 2015 Rancangan Undang-undang tentang Penetapan Perpu Nomor 1 Tahun 2015 dimaksudkan untuk menjaga keberlangsungan dan kesinambungan upaya penegakan dan pemberantasan tindak pidana korupsi serta mempertahankan keberlanjutan kepemimpinan Komisi Pemberantasan Korupsi .","Statement"
"614","Pengaturan mengenai pengisian kekosongan keanggotaan Pimpinan Komisi Pemberantasan Korupsi berdasarkan Undang-undang 30 Tahun 200226memerlukan waktu yang cukup lama, sehingga berdampak kepada kreativitas Indonesia dalam pencegahan pemberantasan tindak pidana korupsi .","Statement"
"615","Dengan penetapan Perpu Nomor 1 Tahun 2015 oleh Presiden, hal tersebut telah sesuai dengan ketentuan Pasal 22 Ayat (1) Undang-Undang Dasar Negara Republik Indonesia Tahun 1945 yang memberikan dasar kewenangan kepada Presiden dalam hal kegentingan yang memaksa untuk menetapkan peraturan pemerintah pengganti undang-undang .","Statement"
"616","Dalam rangka melakukan pendalaman, Komisi III telah melakukan Rapat Dengar Pendapat Umum dan meminta masukan terhadap Perpu Nomor 1 Tahun 2015 yang telah kita lakukan rapat pada tanggal 20 April 2015 dengan Saudara Menteri Hukum dan HAM dan mendengarkan keterangan Presiden yang disampaikan oleh Saudara Menteri Hukum dan HAM terhadap rancangan undang-undang perpu sekaligus pembentukkan Panitia Kerja (Panja) .","Statement"
"617","Pada tanggal 20 April 2015 sampai dengan 22 April 2015, Panja Komisi III DPR Rl telah melakukan pembahasan terhadap materi dalam Rancangan Undang- undang Nomor 1 Tahun 2015 tersebut .","Statement"
"618","Komisi III DPR Rl melakukan Rapat Kerja bersama Menteri Hukum dan HAM Republik Indonesia dengan agenda mendengarkan pendapat dan pandangan fraksi-fraksi atas keterangan Presiden yang disampaikan oleh Saudara Menteri Hukum dan HAM .","Statement"
"619","Berdasarkan pandangan-pandangan fraksi dapat kami sampaikan sebagaiberikut:1 .","Other"
"620","Dari Fraksi PDI Perjuangan dalam pendapat akhir mini yang dibacakan Anggota DPR Rl Junimart Girsang Nomor Anggota A-128 menyatakan dapat memberikan persetujuan terhadap Rancangan Undang-undang tentang Penetapan Peraturan Pemerintah Pengganti Undang-undang Nomor 1 Tahun 2015 tentang Perubahan Undang-undang Nomor 30 Tahun 2002 tentang Komisi Pemberantasan Tindak Pidana Korupsi menjadi undang-undang yang dibicarakan dalam pembicaraan tingkat II .","Statement"
"621","Fraksi Partai Amanat Nasional dalam pendapat akhir mini yang dibacakan oleh Anggota DPR Rl yang terhormat Saudara Daeng Muhammad, S. E. , M. Si .","Statement"
"622",", Nomor Anggota A-45 yakni dapat memberikan persetujuan terhadap Rancangan Undang-undang tentang Penetapan Peraturan Pemerintah Pengganti Undang-undang Nomor 1 Tahun 2015 tentang Perubahan atas Undang-undang Nomor 30 Tahun 2002 tentang Komisi Pemberantasan Tindak Pidana Korupsi menjadi undang-undang untuk dibicarakan kepada tingkat II dengan catatan bahwa Komisi Pemberantasan Korupsi harus terbebas dari intervensi politik, independensi dan berintegritas serta meminta agar Panitia Seleksi calon Pimpinan KPK yang menggantikan Pimpinan KPK periode ini akan habis untuk segera dibentuk .","Statement"
"623","Fraksi Partai Hanura dalam pendapat akhir mini yang dibacakan oleh yang terhormat Saudara H. Syarifuddin Sudding, S. H. , M. H. , dengan Nomor Anggota A-559 menyatakan dapat memberikan persetujuan27terhadap Rancangan Undang-undang tentang Penetapan Peraturan Pemerintah Pengganti Undang-undang Nomor 1 Tahun 2015 tentang Perubahan atas Undang-undang Nomor 30 Tahun 2002 tentang Komisi Pemberantasan Tindak Pidana Korupsi menjadi undang-undang untuk dibicarakan dalam tingkat II .","Statement"
"624","Fraksi Partai Golongan Karya dalam pendapat akhir mini yangdibacakan Saudara yang terhormat Andika Hazrumy, S. Sos .","Statement"
"625",", dengan Nomor Anggota A-293 menyatakan dapat memberikan persetujuan terhadap Rancangan Undang-undang tentang Penetapan Peraturan Pemerintah Pengganti Undang-undang Nomor 1 Tahun 2015 tentang Perubahan atas Undang-undang Nomor 30 Tahun 2002 tentang Komisi Pemberantasan Tindak Pidana Korupsi menjadi undang-undang untuk dibicarakan dalam tingkat kedua dengan catatan agar pemerintah harus memperhatikan persyaratan sebagaimana diatur dalam Pasal 29 Undang-undang 30 Tahun 2002 tentang Komisi Pemberantasan Tindak Pidana Korupsi dalam hal penunjukkananggota sementara Pimpinan Komisi Pemberantasan Korupsi dan mempercepat proses seleksi calon Pimpinan KPK periode 2015-2019 .","Statement"
"626","Fraksi Partai Kebangkitan Bangsa dalam pendapat akhir mini yang dibacakan oleh Anggota DPR Rl yang terhormat Saudara Irmawan, S. Sos .","Statement"
"627",", M. M. , Nomor Anggota A-37 mendukung untuk memberikan persetujuan terhadap Rancangan Undang-undang tentang Penetapan Peraturan Pemerintah Pengganti Undang-undang Nomor 30 Tahun 2002 tentang Komisi Pemberantasan Tindak Pidana Korupsi menjadi undang-undang untuk dibicarakan dalam pembicaraan tingkat II .","Statement"
"628","Fraksi Partai Nasdem dalam pendapat akhir mini yang dibacakan oleh saudara yang terhormat Ali Umri dari Partai Nasdem, dengan Nomor Anggota A-5 yang menyatakan dapat memberikan persetujuan terhadap Rancangan Undang-undang tentang Penetapan Peraturan Pemerintah Pengganti Undang-undang Nomor 1 Tahun 2015 tentang Perubahan atas Undang-undang Nomor 30 Tahun 2002 tentang Komisi Pemberantasan Korupsi menjadi undang-undang untuk dibicarakan pada tingkat II dengan catatan memberikan dan memperhatikan pengecualian batas usia, pengaturan terkait integritas akuntabilitas Pimpinan KPK, segala kelemahan KPK harus dapat dibenahi dan dikontrol, KPK harus bebas dari intervensi, latar belakang pendidikan dan pengalaman Pimpinan sementara KPK dan perlu mengutamakan fungsi preventif dalam melaksanakan tugas Komisi Pemberantasan Korupsi .","Statement"
"629","Fraksi Partai Gerakan Indonesia Raya dalam pendapat akhir mini yang dibacakan oleh Anggota DPR Rl yang terhormat Saudara Ir. Sufmi Dasco Ahmad, Nomor Anggota A-377 menyatakan dapat memberikan persetujuan terhadap Rancangan Undang-undang Nomor 1 Tahun 2015 tentang Perubahan atas Undang-undang Nomor 30 Tahun 200228tentang Komisi Pemberantasan Tindak Pidana Korupsi untuk menjadi undang-undang dengan catatan untuk segera merevisi Undang- undang 30 Tahun 2002 tentang Komisi Pemberantasan Tindak Pidana Korupsi .","Statement"
"630","Fraksi Partai Keadilan Sejahtera dalam pendapat akhir mini yang dibacakan oleh Anggota DPR Rl yang terhormat Drs. Al Muzzammil Yusuf, M. Si .","Statement"
"631",", dengan Nomor Anggota A-93 yang menyatakan dapat memberikan persetujuan terhadap Rancangan Undang-undang Peraturan Pemerintah Pengganti Undang-undang Nomor 1 Tahun 2015 tentang Perubahan atas Undang-undang 30 Tahun 2002 menjadi undang-undang untuk dibicarakan dalam tingkat II dengan catatan perlu adanya revisi terhadap Undang-undang 30 Tahun 2002 tentang Komisi PemberantasanTindak Pidana Korupsi, terutama dalam hal kedudukan Komite Etik dari ad hoc menjadi permanen dan adanya pengaturan agar Pimpinan Komisi Pemberantasan Korupsi tidak boleh mengundurkan diri menjadi pejabat negara selama bertugas dan 2 tahun paska menjalani tugas untuk independensi dan menjaga marwah KPK .","Statement"
"632","Fraksi Partai Persatuan Pembangunan dalam pendapat akhir mini yang dibacakan oleh Anggota DPR Rl yang terhormat Saudara Arsul Sani A-528 menyatakan memberikan persetujuan terhadap Rancangan Undang-undang tentang Peraturan Pemerintah Pengganti Undang- undang Nomor 1 Tahun 2015 tentang Perubahan Undang-undang Nomor 30 Tahun 2002 tentang Komisi Pemberantasan Korupsi, dengan catatan memperhatikan kembali batas usia dan perlu kajian agar Presiden tidak terlalu terburu-buru dalam mengeluarkan suatu peraturan pengganti undang-undang .","Statement"
"633","Fraksi Partai Demokrat dalam pendapat akhir mini yang dibacakan oleh anggota DPR Rl yang terhormat Saudari Erma Suryani Ranik, S. H. Nomor anggota A-446 menyatakan dapat memberikan persetujuan terhadap Rancangan Undang-undang tentang Penetapan Peraturan Pemerintah Pengganti Undang-undang Nomor 1 Tahun 2015 tentang Komisi Pemberantasan Korupsi menjadi undang-undang dalam pembicaraan tingkat II, dengan catatan untuk memperhatikan batas usia dan latar belakang pendidikan dan pengalaman sebagaimana diatur dalam Pasal 29 Undang-undang Nomor 30 Tahun 2002 tentang Komisi Pemberantasan Korupsi dalam penunjukkan Pimpinan KPK sementara .","Statement"
"634","Maka berdasarkan pandangan Fraksi-fraksi di atas Rapat Kerja Komisi III DPR Rl dalam rangka pengambilan keputusan tingkat pertama terhadap Rancangan Undang-undang Perpu Nomor 1 Tahun 2015 tentang Perubahan atas Undang-undang Nomor 30 Tahun 2002 tentang Komisi Pemberantasan Tindak Pidana Korupsi menjadi29undang-undang sesuai ketentuan Pasal 52 Ayat (3) Undang-undang Nomor 12 Tahun 2011 tentang Pembentukan Peraturan Perundang-Undangan .","Statement"
"635","Menyatakan Komisi III DPR Rl dengan mengucapkan Bismillahirrahmaanirrahim, memberikan persetujuan Rancangan Undang-undang tentang Penetapan Peraturan Pemerintah pengganti Undang-undang Nomor 1 Tahun 2015 tentang Perubahan atas Undang-undang Nomor 30 Tahun 2002 tentang Komisi Pemberantasan Tindak Pidana Korupsi menjadi undang-undang untuk dilanjutkan kepembicaraan tingkat II atau pengambilan keputusan pada Rapat Paripurna DPR Rl hari ini, Jumat 24 April 2015,Selanjutnya Komisi III DPR Rl menyampaikan catatan-catatan dari pandangan-pandangan fraksi adalah sebagai berikut:1 .","Statement"
"636","Dalam hal penunjukkan anggota sementara pimpinan Komisi Pemberantasan Korupsi sebagaimana dimaksud dalam Perpu Nomor 1 Tahun 2015 tentang Perubahan atas Undang-undang Nomor 30 Tahun 2002 tentang Komisi Pemberantasan Tindak Pidana Korupsi, Pemerintah harus memperhatikan persyaratan sebagaimana diatur di dalam Pasal 29 Undang-undang Nomor 30 Tahun 2002 tentang Komisi Pemberantasan Tindak Pidana Korupsi .","Statement"
"637","Meminta agar pemerintah dengan segera memproses seleksi calon Pimpinan KPK periode 2015-2019 .","Other"
"638","Meminta agar terdapat perubahan terhadap materi Undang-undang Nomor 30 Tahun 2002 tentang Komisi Pemberantasan Tindak Pidana Korupsi dalam hal meningkatkan kedudukan komite etik pada KPK yang bersifat Ad hoc menjadi permanen untuk mengawasi kinerja KPK .","Other"
"639","Meminta agar terdapat perubahan Undang-undang Nomor 30 Tahun 2002 tentang Komisi Pemberantasan Tindak Pidana Korupsi untuk menjaga marwah independensi KPK, yaitu dalam hal Pimpinan KPKtidak boleh mengundurkan diri untuk menjadi pejabat Negara lainnya selama menjabat Pimpinan KPK .","Other"
"640","Dan 2 tahun pasca menjabat Pimpinan KPK atau menawarkan diri dengan berbagai imbalan seperti penyelesaian kasus .","Other"
"641","Selanjutnya dalam tanggapan pemerintah menyatakan setuju dan sangat menghargai beberapa catatan-catatan yang diberikan Komisi III DPR Rl dengan akan menjadi perhatian dalam Revisi Undang-undang Nomor 30 Tahun 2002 tentang Komisi Pemberantasan Tindak Pidana Korupsi .","Other"
"642","Pemerintah menyarankan agar perubahan Undang-undang 30 tahun 2002 tentang Komisi Pemberantasan Tindak Pidana Korupsi untuk menjadi usulan inisiatif DPR Rl .","Other"
"643","Pemerintah juga menyampaikan terima kasih yang sebesar-besarnya dan penghargaan yang setinggi-tingginya kepada Komisi III yang telah memberikan dan mendedikasikan toleransi dan kerja keras untuk menyelesaikan pembahasan terhadap rancangan undang-undang ini .","Other"
"644","30Pimpinan Rapat Dewan Paripurna yang kami hormati,Bapak, Ibu Anggota DPR Rl, Saudara Menteri Hukum dan HAM,Serta hadirin yang berbahagia .","Other"
"645","Pada kesempatan ini perkenankanlah kami mengucapkan terima kasih dan penghargaan yang tinggi kepada pemerintah serta bersama-sama dengan Komisi Hi DPR Rl telah melakukan pembahasan rancangan undang-undang seeara tekun, teliti dan mendalam .","Other"
"646","Kami menyampaikan terima kasih pula kepada seluruh pihak dalam hal telah banyak membantu kelancaran pembahasan rancangan undang-undang ini .","Statement"
"647","Demikian laporan Komisi III DPR Rl terhadap pembahasan Rancangan Undang-undang tentang Penetapan Peraturan Pemerintah Pengganti Undang-undang Nomor 1 Tahun 2015 tentang Perubahan Atas Undang-undang Nomor 30 Tahun 2002 tentang Komisi Pemberantasan Tindak Pidana Korupsi menjadi undang-undang .","Other"
"648","Dan apabila ada kekurangan dan kesalahan dalam menyampaikan laporan ini kami atas nama pimpinan dan segenap anggota Komisi III DPR Rl menyampaikan permohonan maaf yang sebesar-besarnya .","Other"
"649","Selanjutnya perkenankanlah kami untuk menyerahkan rancangan ini untuk diambil keputusan dalam rapat Paripurna ini .","Other"
"650","Demikian kami akhiri .","Other"
"651","Wassalamualaikum Warahmatullahi Wabarakatuh .","Other"
"652","KETUA RAPAT:Terima kasih kami sampaikan kepada Saudara Dr. H. M. Azis Syamsuddin,S .","Other"
"653","H. , M. A. F. , M. H. yang telah menyampaikan laporannya .","Statement"
"654","Selanjutnya kami akan menanyakan kepada Anggota Dewan apakah RUU Penetapan Peraturan Pemerintah Pengganti Undang-undang Nomor 1 Tahun 2015 tentang Perubahan Atas Undang- undang Nomor 30 Tahun 2002 tentang Komisi Pemberantasan Tindak Pidana Korupsi untuk disahkan menjadi undang-undang?(RAPAT: SETUJU)Terima kasih .","Other"
"655","Dengan demikian kita telah menyetujui RUU tentang Penetapan Peraturan Pemerintah Pengganti Undang-undang Nomor 1 Tahun 2015 tentang Perubahan Atas Undang-undang Nomor 30 Tahun 2002 tentang Komisi Pemberantasan Tindak Pidana Korupsi untuk disahkan menjadi undang-undang,Sidang Dewan yang Terhormat .","Other"
"656","Berikutnya kami persilakan Saudara Menteri Hukum dan HAM Rl untuk menyampaikan pendapat akhir pemerintah mewakili Presiden .","Other"
"657","Kami persilakan .","Other"
"658","31MENTERI HUKUM DAN HAM (YASONNA H LAOLY):PENDAPAT AKHIR PRESIDEN ATASRANCANGAN UNDANG-UNDANG TENTANG PENETAPAN PERATURAN PEMERINTAH PENGGANTI UNDANG-UNDANG NOMOR 1 TAHUN 2015 TENTANG PERUBAHAN ATAS UNDANG-UNDANG NOMOR 30 TAHUN 2002 TENTANG KOMISI PEMBERANTASAN TIN DAK PIDANA KORUPSl MENJADI UNDANG-UNDANGDALAM RAPAT PARIPURNA DEWAN PERWAKILAN RAKYAT REPUBLIK INDONESIA Jakarta, 28 April 2015Saudara Pimpinan dan Anggota DPR Rl yang terhormat,Hadirin yang kami hormati .","Other"
"659","Pertama-tama izinkanlah kami mengajak kita semua untuk senantiasa memanjatkan puji syukur kepada Tuhan Yang Maha Kuasa, karena pada hari yang berbahagia ini kita dapat hadir dalam Rapat Paripurna DPR Rl dengan agenda antara lain penyampaian Pendapat Akhir Presiden atas Rancangan Undang-undang tentang Penetapan Peraturan Pemerintah Pengganti Undang-undang Nomor 1 Tahun 2015 tentang Perubahan Atas Undang-undang Nomor 30 Tahun 2002 tentang Komisi Pemberantasan Tindak Pidana Korupsi menjadi undang-undang .","Other"
"660","Sebagaimana diketahui bersama bahwa rancangan undang-undang ini telah diselesaikan pembahasannya dalam pembicaraan tingkat I secara simultan pada tanggal 23 April 2015 dengan keputusan menyetujui untuk diteruskan ke tahap selanjutnya yaitu pembicaraan tingkat II pengambilan keputusan dalam Rapat Paripurna Dewan Perwakilan Rakyat Republik Indonesia .","Other"
"661","Kita semua mengharapkan semoga rancangan undang-undang ini dapat disetujui bersama dalam Rapat Paripurna DPR Rl untuk disahkan menjadi undang- undang, sehingga keberlangsungan dan kesinambungan pencegahan pemberantasan tindak pidana korupsi dapat terus berjalan guna mewujudkan penyelenggaraan Negara yang bersih melalui penguatan pengaturan mengenai kelembagaan KPK .","Other"
"662","Khususnya mengenai mekanisme khusus pengisian keanggotaan sementara Pimpinan KPK yang sangat diperlukan untuk tetap menjamin kinerja dan capaian KPK sebagai salah satu lembaga Negara yang ditugaskan oleh undang-undang untuk melakukan pencegahan dan pemberantasan tindak pidana korupsi .","Other"
"663","32Saudara Pimpinan dan Anggota DPR Ri yang terhormat,Hadirin yang kami hormati .","Other"
"664","Sebagaimana yang telah kita ketahui dan rasakan bersama bahwa salah satu kelemahan dari Undang-undang Nomor 30 Tahun 2002 tentang Komisi Pemberantasan Tindak Pidana Korupsi adalah tidak adanya mekanisme khusus pengisian keanggotaan sementara Pimpinan KPK dalam hal terjadi kekosongan Pimpinan KPK yang disebabkan oleh kondisi khusus yang menyebabkan jumlah Pimpinan KPK kurang dari 3 (tiga) orang .","Other"
"665","Dengan adanya kondisi kegentingan yang memaksa dalam bentuk fakta bahwa sebelum ditetapkannya Penetapan Peraturan Pemerintah Pengganti Undang- undang Nomor 1 Tahun 2015 tentang Perubahan atas Undang-undang Nomor 30 Tahun 2002 tentang Komisi Pemberantasan Tindak Pidana Korupsi terdapat adanya 1 (satu) orang Pimpinan KPK yang teiah habis masa jabatannya dan adanya 2 (dua) orang Pimpinan KPK yang sedang menjalani proses hukum, sehingga menyebabkan kedua orang tersebut harus diberhentikan sementara dari jabatannya, maka pada tanggal 18 Februari 2015 Presiden memandang perlu untuk menggunakan hak konstitusionalnya berdasarkan Pasal 22 Ayat (1) Undang-Undang Dasar Negara Republik Indonesia Tahun 1945 menetapkan Perpu Nomor 1 Tahun 2015 tentang Perubahan Atas Undang- undang Nomor 30 Tahun 2002 tentang Komisi Pemberantasan Tindak Pidana Korupsi agar kondisi kegentingan yang memaksa sebagaimana tersebut di atas dapat segera kembali normal .","Other"
"666","Saudara Pimpinan dan Anggota DPR RI yang terhormat,Hadirin yang kami hormati .","Other"
"667","Perpu Nomor 1 Tahun 2015 tentang Perubahan Atas Undang-undang Nomor 30 Tahun 2002 tentang Komisi Pemberantasan Tindak Pidana Korupsi pada prinsipnya bersifat melengkapi pengaturan yang telah ada dalam Undang-undang Nomor 30 Tahun 2002 tentang Komisi Pemberantasan Tindak Pidana Korupsi, khususnya mengenai mekanisme khusus pengisian keanggotaan sementara Pimpinan KPK, sehingga dikemudian hari tidak terdapat kekosongan dalam hal diperlukan pengisian keanggotaan sementara Pimpinan KPK dalam waktu cepat guna menjaga keberlangsungan dan kesinambungan pencegahan dan pemberantasan tindak pidana korupsi .","Other"
"668","Sedangkan dalam kondisi yang normal, mekanisme pemilihan dan syarat untuk dapat diangkat sebagai Pimpinan KPK tetap dilaksanakan berdasarkan ketentuan yang diatur dalam Bab 5 Pasal 29 sampai dengan Pasal 37 Undang-undang Nomor 30 Tahun 2002 tentang Komisi Pemberantasan Tindak Pidana Korupsi .","Other"
"669","Saudara Pimpinan dan Anggota DPR RI yang terhormat,Hadirin yang kami hormati .","Other"
"670","Kami mencermati catatan-catatan yang disampaikan oleh masing-masing Fraksi pada pembicaraan tingkat i, apa yang telah disampaikan oleh Bapak Ketua33Komisi III DPR Rl yang baru saja dibacakan tadi .","Other"
"671","Kami menghargai usulan tersebut dan kami menyampaikan seperti yang disampaikan oleh Pak Ketua tadi, bahwa kami menunggu usul inisiatif DPR jika memang DPR Rl merasa bahwa usulan inisiatif untuk Revisi Perubahan Undang-undang tentang KPK untuk diajukan kepada Pemerintah dan nanti untuk kita bahas bersama .","Other"
"672","Berdasarkan hal tersebut di atas dan setelah mempertimbangkan secara sungguh-sungguh pandangan, pendapat dan persetujuan Fraksi-Draksi, izinkanlah kami mewakili Presiden dalam Rapat Paripurna yang terhormat ini, dengan senantiasa memohon pertolongan Tuhan Yang Maha Kuasa, Presiden menyatakan setuju Rancangan Undang-undang tentang Penetapan Peraturan Pemerintah Pengganti Undang-undang Nomor 1 Tahun 2015 tentang Perubahan Atas Undang-undang Nomor 30 Tahun 2002 tentang Komisi Pemberantasan Tindak Pidana Korupsi untuk disahkan menjadi undang-undang .","Other"
"673","Dalam kesempatan ini, dengan kerendahan hati secara khusus kami ingin menyampaikan apresiasi yang setinggi-tingginya kepada Pimpinan dan Anggota DPR Rl, secara khusus Anggota Komisi III DPR Rl yang senantiasa mengutamakan kepentingan bangsa dan Negara di atas kepentingan pribadi dan golongan khususnya selama berlangsungnya proses pembahasan rancangan undang-undang tentang Penetapan Peraturan Pemerintah Pengganti Undang-undang Nomor 1 Tahun 2015 tentang Perubahan Atas Undang-undang Nomor 30 Tahun 2002 tentang Komisi Pemberantasan Korupsi .","Other"
"674","Kami sampaikan juga ucapan terima kasih dan apresiasi atas segala dukungan dan partisipasinya semua pihak yang telah mendukung kelancaran pembahasan rancangan undang-undang ini, khususnya para wartawan dan para pemangku kepentingan yang selalu mengikuti proses pembahasan Rancangan Undang- undang ini dengan tertib .","Statement"
"675","Semoga Tuhan Yang Maha Esa senantiasa menuntun kita kepada jalan yang lurus dan semoga setiap pemikiran kita yang kita tuangkan dalam proses pembahasan rancangan undang-undang ini dapat dinilai sebagai amal ibadah oleh Tuhan Yang Maha Kuasa .","Statement"
"676","ATAS NAMA PRESIDEN REPUBLIK INDONESIA MENTERI HUKUM DAN HAK ASASI MANUSIAYASONNA H. LAOLYWallahul ilaa Aqwamiththoriq,Wassalamualaikum Warahmatullah34KETUA RAP AT:Terima kasih kami sampaikan kepada yang terhormat Saudara Menteri Hukum dan HAM Republik Indonesia yang telah menyampaikan pendapat akhirnya mewakili Presiden .","Other"
"677","Sekarang kami akan menanyakan kepada Sidang Dewan yang terhormat, apakah RUU tentang Penetapan Peraturan Pemerintah Pengganti Undang-undang Nomor 1 Tahun 2015 tentang Perubahan Atas Undang-undang Nomor 30 Tahun 2002 tentang Komisi Pemberantasan Tindak Pidana Korupsi dapat disetujui disahkan menjadi undang-undang?(RAPAT: SETUJU)Terima kasih,Melalui forum ini kami menyampaikan terima kasih dan penghargaan yang setinggi-tingginya kepada yang terhormat Saudara Menteri Hukum dan HAM Republik Indonesia beserta seluruh jajarannya atas segala peran serta dan kerjasama yang baik selama pembahasan rancangan undang-undang tersebut .","Other"
"678","Perkenankan pula kami atas nama Pimpinan Dewan memberikan penghargaan dan terima kasih kepada Pimpinan dan Anggota Komisi III DPR Rl serta Sekretariat Jenderal DPR Rl yang telah bersama-sama menyelesaikan rancangan undang-undang tersebut dengan baik .","Other"
"679","Sidang Dewan yang Terhormat,Dengan demikian selesailah acara pertama Rapat Paripurna Dewan hari ini .","Other"
"680","Sebelum kita masuki acara berikutnya, kami akan berikan waktu beberapa menit untuk memberi kesempatan kepada yang terhormat Saudara Menteri Hukum dan HAM serta seluruh jajarannya untuk meninggalkan ruang sidang .","Other"
"681","Kepada Anggota Dewan untuk tetap di tempat .","Other"
"682","Sidang Dewan yang Terhormat,Kehadiran Anggota setelah rapat dimulai menurut catatan Sekretariat, saat ini adalah 365 orang Anggota .","Other"
"683","Selanjutnya .","Other"
"684","INTERUPSI/F-PAN (ANANG HERMANSYAH):Interupsi Pimpinan, Anang dari PAN A-488, ada yang ingin saya sampaikan sebelum melanjutkan ke acara kedua .","Other"
"685","Ada beberapa hal yang ingin kami sampaikan kepada Pimpinan, bahwa tanggal 26 April ini kita akan memperingati hari HAKI sedunia .","Other"
"686","Dengan hal ini, ini menjadi momentum terbaik untuk memperbaiki kondisi terhadap35penghargaan HAKI di Indonesia, karena pembajakan sampai hari ini sudah sangat memiskinkan seniman dan merugikan serta menggerus kreativitas dari seniman kita dan merugikan triliunan rupiah untuk negara .","Other"
"687","Oleh sebab itu, Indonesia sebagai negara yang sangat berbudaya dan beradab, selama ini selalu menempati priority watch list di dunia internasional dan ini sangat memalukan bangsa Indonesia di mata internasional .","Other"
"688","Untuk itu sudah selayaknya DPR mengambil peran sentral bertindak sebagai garda terdepan menjadi panglima dalam pemberantasan pembajakan di tanah air .","Other"
"689","Hal ini sejalan dengan rencana Pimpinan DPR untuk menjadikan lembaga ini menjadi lembaga yang modern, kreatif, responsif, agresif, akuntabel dan transparan .","Other"
"690","Untuk itu, terkait dengan dilantiknya Kapolri juga yang baru dan menjadi salah satu mitra pengawasan dan penegakkan Undang-undang Hak Cipta, ini sudah waktunya yang tepat bagi kita semua dari seniman bersama dengan lembaga terhormat ini DPR untuk bersama-sama bergotong-royong melawan pembajakan karya cipta yang sudah sangat masif dan tidak terkendali ini .","Other"
"691","Mengingat Pasal 31 Ayat (2) huruf i serta Pasal 186 Ayat (6) dan Ayat (7) Tatib DPR, maka kami meminta dukungan penuh Pimpinan DPR Rl dan seluruh teman- teman, sahabat-sahabat DPR .","Other"
"692","parlemen anti pembajakan dan penegakan HAKI di Indonesia .","Other"
"693","Dengan ini saya akan menyerahkan dokumen Kaukus Parlemen Anti Pembajakan kepada Pimpinan .","Other"
"694","KETUA RAP AT:Silakan .","Other"
"695","Terima kasih .","Other"
"696","Bisa kita lanjutkan?Terima kasih .","Other"
"697","Sidang Dewan yang Terhormat,Selanjutnya mari kita masuki acara kedua Rapat Paripurna hari ini yaitu Pidato Penutupan Masa Sidang III Tahun Sidang 2014-2015 .","Other"
"698","Kepada Ketua DPR Rl kami persilakan .","Other"
"699","KETUA DPR Rl (Drs SETYA NOVANTO, Ak):Assalamualaikum WarahmatullahiWabarakatuh .","Other"
"700","Salam sejahtera bagi kita semua .","Statement"
"701","Yang kami hormati Para Wakil Ketua DPR,Para Anggota DPR,Hadtrin yang berbahagia .","Other"
"702","36Puji dan syukur kita panjatkan kehadirat Tuhan Yang Maha Kuasa yang telah memberikan rahmat, karunia dan hidayah-Nya sehingga hari ini kita bersama-sama hadir pada Rapat Paripurna Penutupan Masa Sidang III tahun 2014-2015 .","Other"
"703","Dalam kesempatan ini DPR menyampaikan keprihatinan yang mendalam atas eksekusi hukuman mati terhadap Siti Zaenab dan Kami, TKI di Arab Saudi, di masa yang akan datang diharapkan pemerintah lebih meningkatkan perhatian dalam member! perlindungan dan bantuan hukum bagi TKI di luar negeri .","Other"
"704","Sidang Dewan yang Terhormat,Pimpinan perlu mengingatkan agar semua Anggota DPR menjaga harkat dan martabat serta kewibawaan lembaga DPR, untuk itu kami menyampaikan keprihatinan dan permohonan maaf kepada masyarakat Indonesia atas peristiwa kekerasan fisik yang terjadi pada saat berlangsungnya rapat kerja di DPR .","Other"
"705","Kami menghimbau kepada seluruh Anggota DPR untuk menjaga etika dan perilaku dalam berdemokrasi tanpa kekerasan .","Other"
"706","Sidang Dewan yang Terhormat,Selama Masa Sidang III, DPR telah melaksanakan fungsi legislasi terutama dalam menyelesaikan penyusunan RUU yang menjadi prioritas tahun 2015 termasuk RUU tentang Penetapan Perppu Nomor 1 Tahun 2015 tentang KPK menjadi undang- undang yang baru .","Other"
"707","Kita setujui bersama yang akan dilanjutkan pengajuan RUU Usui Inisiatif DPR perubahan atas revisi terhadap Undang-undang Nomor 30 Tahun 2002 tersebut secara komprehensif .","Other"
"708","Dalam masa sidang ini DPR dan Pemerintah hanya menyelesaikan 1 RUU dikarenakan jangka waktu masa sidang yang singkat dan banyaknya kegiatan Pemerintah yang membutuhkan perhatian dan energi seperti penyelenggaraan Konferensi Asia Afrika .","Other"
"709","Sementara itu, RUU yang sedang dalam proses pembahasan adalah RUU tentang Pengesahan Perjanjian Bantuan Timbal Batik Dalam Masalah Pidana Antara Republik Indonesia dan Republik Sosialis Vietnam .","Statement"
"710","Adapun RUU yang sedang disusun antara lain RUU tentang Radio dan Televisi Republik Indonesia, RUU tentang Penyiaran, RUU tentang Perlindungan dan Pemberdayaan Nelayan dan Pembudidayaan Ikan, RUU tentang Jasa Konstruksi, RUU tentang Arsitek, RUU tentang Perubahan Atas Undang-Undang Nomor 19 Tahun 2003 tentang BUMN, RUU tentang Penyandang Disabilitas, RUU tentang Pengelolaan Penyelenggaraan Ibadah Haji dan Penyelenggaraan Umroh, RUU tentang Perubahan Atas Undang-undang Nomor 39 Tahun 2004 tentang Penempatan dan Perlindungan TKI di luar negeri, RUU tentang Perubahan Atas Undang-undang Perbankan .","Statement"
"711","Selain itu DPR juga telah mengadakan RDPU RUU tentang Pertanahan .","Statement"
"712","Terkait dengan pelaksanaan Prolegnas 2015-2019, Badan Legislasi telah melakukan sosialisasi Prolegnas ke beberapa daerah dan stakeholder terkait .","Statement"
"713","Badan37Legislasi juga sedang melakukan harmonisasi dan sinkronisasi terhadap RUU yang menjadi prioritas Tahun 2015 .","Statement"
"714","DPR memberikan perhatian terhadap Putusan MK tentang dibatalkannya Undang-undang Nomor 7 Tahun 2004 tentang Sumber Daya Air dan berlakunya kembaii Undang-undang Nomor 11 Tahun 1974 tentang Pengairan untuk mengatur masalah sumber daya air .","Statement"
"715","Untuk itu DPR minta Pemerintah untuk segera mengajukan RUU mengenai sumber daya air .","Statement"
"716","DPR juga meminta Pemerintah untuk segera mengajukan RUU tentang Ketentuan Umum dan Tata Cara Perpajakan yang di dalamnya mengatur mengenai tax amnesty .","Statement"
"717","Sidang Dewan yang Terhormat,Dalam pelaksanaan fungsi anggaran, DPR memberikan perhatian khusus mengenai kementerian dan lembaga, menyerahkan bahan tertulis melalui komisi terkait, mengenai jenis belanja dan kegiatan paling lambat 30 hari setelah penetapan APBNP .","Statement"
"718","Namun, sampai dengan saat ini belum semua kementerian lembaga menyerahkan bahan tersebut kepada komisi terkait .","Other"
"719","Informasi mengenai jenis belanja dan kegiatan kementerian lembaga ini sangat penting diketahui DPR untuk menjadi bahan pelaksanaan fungsi pengawasan .","Statement"
"720","Hal ini sesuai dengan Putusan MK bahwa DPR tidak boleh lagi membahas sampai jenis belanja dan kegiatan, artinya Pemerintah sudah bisa menentukan sendiri kegiatan pembangunan apa yang akan diiakukan oleh Pemerintah tanpa harus dipindahkan oleh Anggota DPR di komisinya masing-masing .","Statement"
"721","Sidang Dewan yang Terhormat,Pada Masa Sidang III ini, DPR menyoroti beberapa hal yang menjadi perhatian dalam rangka melaksanakan fungsi pengawasan dengan membentuk Panja, melakukan Raker, RDP dan RDPU serta kunjungan kerja spesifik .","Statement"
"722","Pada masa sidang ini fungsi pengawasan yang dilaksanakan di bawah koordinasi Pimpinan DPR yaitu tim pemantau pelaksanaan otonomi khusus Papua, Aceh dan Yogyakarta .","Statement"
"723","Selain itu, ada beberapa Panja Pengawasan yang dibentuk oleh komisi dan sedang melaksanakan tugasnya yaitu Panja Pilkada, Panja Dana Desa, Panja Revisi Rencana Tata Ruang Wilayah untuk 7 provinsi, Panja Keselamatan Keamanan dan Kualitas Penerbangan Nasional, Panja Minerba, Panja Migas, Panja Manajemen Penanggulangan Bencana, Panja Anestesi, Panja Penerimaan Negara dan Panja Perbankan .","Statement"
"724","Perlu disampaikan bahwa Panja Badan Penyelenggara Ibadah Haji atau BPIH yang dibentuk DPR telah melaksanakan tugasnya pada masa sidang ini .","Statement"
"725","Panja sepakat dengan Pemerintah untuk menurunkan biaya perjalanan ibadah haji tahun ini, biaya yang semula diajukan Menteri Agama sebesar 3 .","Statement"
"726","195 Dolar Amerika disepakati turun menjadi sebesar 2 .","Other"
"727","717 Dolar Amerika .","Other"
"728","Panja lain yang dibentuk DPR, antara lain Panja Rencana Strategis Alutsista TNI, Panja Perumahan dan Pertanahan TNI, Panja Kesejahteraan Prajurit TNI, Panja Universal Service Obligation atau USO dan Penerimaan Negara Bukan Pajak atau38PNBP Kementerian Komunikasi dan Informasi, Panja LPP RRI dan LPP TVRI, Panja Penyiaran, Panja Otonomi Daerah dan Panja Aparatur Sipil Negara, Panja Perkebunan, Panja Swasembada Pangan, Panja Pengawasan Pupuk dan Benih dan Panja Pencemaran Laut .","Statement"
"729","Sebagai bentuk dukungan terhadap program Pemerintah daiam mengimplementasikan agenda pembangunan pasca 2015 Masyarakat Ekonomi Asean atau ASEAN Economy Community, DPR telah membentuk Panja Agenda Pembangunan Pasca 2015 dan Panja Masyarakat Ekonomi ASEAN atau ASEAN Economic Community .","Statement"
"730","Kunjungan Kerja Spesifik, antara lain peninjauan ke Jawa Barat, Sumatera Barat, dan Nusa Tenggara Barat untuk melihat struktur dan penataan kelembagaan IPDN, peninjauan lokasi Rutan BNN di Jakarta, dan tempat kejadian peledakan di Tanah Abang, infrastruktur di Pangkalan Bun, Makassar, Indramayu dan Daerah Istimewa Jogjakarta, Boalemo dan Batam, Perikanan dan Pertanian di Papua, Aceh, Sulawesi Barat dan Bali, Rencana Tata Ruang Wilayah Provinsi di Provinsi Papua Barat, Provinsi Kepulauan Bangka Belitung, Provinsi Sumatera Utara dan Provinsi Kepulauan Riau, Energi dan Sumber Daya Mineral di Kalimantan Barat, Kalimantan Timur, Riau dan Jawa Barat, Pertanahan dan Keamanan di Aceh, Kepulauan Riau, Jawa Timur dan Jawa Barat .","Statement"
"731","Masih terkait dengan fungsi pengawasan, DPR telah memberikan persetujuan atas usulan pengangkatan pejabat publik yaitu Kepala Kepolisian Republik Indonesia dan Deputi Gubernur Bank Indonesia .","Statement"
"732","Selain itu DPR juga telah memberikan pertimbangan terhadap penempatan Duta Besar Luar Biasa dan Berkuasa Penuh Brunei Darussalam untuk Republik Indonesia .","Statement"
"733","Sidang Dewan yang Terhormat,Berkaitan dengan kegiatan Diplomasi Parlemen, pada tanggal 24 Maret 2015 DPR telah menyelenggarakan Seminar International Womens Day 2015 yang dihadiri oleh Anggota DPR dan para Duta Besar negara sahabat .","Statement"
"734","Untuk kegiatan di forum internasional, Delegasi DPR telah menghadiri Sidang Tahunan 132 Inter Parliamentary Union atau IPU di Hanoi, Vietnam .","Statement"
"735","Pada saat menghadiri Sidang IPU itu, Ketua DPR telah diterima dan melakukan pertemuan dengan Presiden dan Ketua Parlemen Vietnam .","Statement"
"736","Daiam rangka penguatan hubungan bilateral, DPR telah menerima kunjungan sejumlah Ketua Parlemen dan Duta Besar Negara Sahabat .","Statement"
"737","DPR juga akan membentuk dan meresmikan 46 Grup Kerja Sama Bilateral atau GKSB antara DPR dengan Parlemen Negara-negara Sahabat daiam waktu dekat .","Statement"
"738","DPR juga telah menjadi tuan rumah penyelenggaraan Parliamentary Conference yang pertama daiam rangka memperingati 60 tahun Konferensi Asia Afrika yang diresmikan oleh Presiden Joko Widodo pada tanggal 23 April kemarin .","Statement"
"739","Konferensi yang dihadiri oleh Delegasi dari 32 Parlemen dan Perwakilan Negara Sahabat di Asia dan Afrika telah menghasilkan sebuah Deklarasi yang memuat pentingnya penguatan peran parlemen Negara-negara Asia dan Afrika daiam mendukung pemajuan kerja sama39selatan-selatan untuk perdamaian dunia dan kesejahteraan, termasuk pemberian dukungan terhadap Kemerdekaan Palestina .","Statement"
"740","Deklarasi juga berisi tentang Pembentukan Grup Kerja Sama antara Parleman Asia Afrika yang disebut dengan Asia Africa Parliamentary Group atau AAPG .","Statement"
"741","Selain itu juga disepakati pembentukan sekretariat tetap bersama dimana sekretariat tetap bersama grup tersebut yang berlokasi yang di Indonesia .","Statement"
"742","Penyelenggaraan Conference Parliamentary ini merupakan sejarah baru dalam rangka diplomas'! parlemen Indonesia sebagaimana diamanatkan oleh Undang- Undang MD3 .","Statement"
"743","Berbagai kegiatan diplomas'! parlemen di atas semakin menunjukkan semakin pentingnya peran diplomasi DPR dalam mendukung pelaksanaan politik luar negeri .","Statement"
"744","Sidang Dewan yang Terhormat,Untuk diketahui DPR telah mengesahkan anggaran DPR Rl Tahun 2016 yang arah kebijakannya memperkuat peran representasi DPR yang dimaksudkan untuk mendekatkan wakil rakyat dengan konstituen .","Statement"
"745","Dalam rangka penguatan kelembagaan, DPR membentuk Tim Kerja Pembangunan Perpustakaan, Museum, Research Centre, dan Ruang Kerja Anggota dan Tenaga Ahli DPR yang sekaligus akan menjadi ikon nasional .","Statement"
"746","DPR berpandangan bahwa pembangunan ikon nasional ini akan menjadi warisan bangsa, sebab setelah 70 tahun Indonesia Merdeka dan 17 tahun Reformasi, lembaga legislasi belum pernah dibangun secara mandiri .","Statement"
"747","Untuk itu, masyarakat Indonesia perlu mengetahui dan memberikan dukungan terhadap rencana besar ini .","Statement"
"748","Pembangunan ikon nasional telah mendapat persetujuan Presiden .","Statement"
"749","Oleh karena itu, pada tanggal 16 Agustus 2015 setelah Pidato Presiden mengenai Penyampaian Nota Keuangan Presiden dan Tamu Negara akan diajak mengunjungi Museum dan Perpustakaan yang ada sementara ini .","Statement"
"750","Pada kesempatan yang sama, Presiden akan menandatangani komitmen membangun ikon nasional bersama dan meletakkan batu pertama untuk pembangunan ikon nasional tersebut .","Statement"
"751","Di samping itu, MKD akan melakukan perubahan format presentasi Anggota DPR Rl baik dalam Rapat Paripurna maupun Rapat Alat Kelengkapan, yaitu Alat Kelengkapan Dewan sehingga publik dapat mengetahui alasan ketidakhadiran Anggota DPR Rl .","Statement"
"752","Upaya lain yang akan dilakukan untuk penguatan kelembagaan, MKD akan memberikan apresiasi kepada Anggota DPR Rl yang bekerja dengan baik .","Statement"
"753","Untuk masa yang akan datang, DPR akan mentradisikan seruan untuk selalu mematuhi kode etik dan kedisplinan selama menjalankan tugasnya .","Statement"
"754","Untuk itu, Pimpinan Rapat sebelum memulai rapat harus menyerukan kepatuhan terhadap kode etik dan kedisiplinan Anggota DPR .","Statement"
"755","Searah dengan upaya penguatan dan peningkatan kinerja Lembaga DPR, DPR melalui Badan Urusan Rumah Tangga atau BURT sedang menyusun Rencana Strategis DPR Rl 2015-2019 dan Peraturan DPR Rl tentang Pertanggungjawaban Pengelolaan Anggaran DPR Rl, Berkaitan dengan upaya penguatan dan peningkatan kinerja Lembaga DPR Rl ini, Badan Legislasi diharapkan lebih berperan dalam40menyusun, mengevaluasi dan menyempurnakan berbagai Peraturan DPR Rl, diantaranya mengenai peran diplomasi, reses, dan representasi serta pertanggungjawaban kunjungan kerja dan pengamanan di lingkungan Gedung DPR .","Statement"
"756","Upaya tersebut merupakan bagian dari langkah DPR memperbaiki sistem kerja dan kelembagaan DPR menuju parlemen modern .","Statement"
"757","Sidang Dewan yang Terhormat,Demikian pokok-pokok kegiatan yang telah dilakukan oleh DPR pada Masa Sidang III ini dan berbagai hal yang telah dilakukan DPR selama Masa Sidang III dalam kerangka pelaksanaan fungsi legislasi, fungsi anggaran, dan fungsi pengawasan serta peran diplomasi parlemen dan penguatan kelembagaan DPR .","Statement"
"758","Anggota DPR perlu melakukan sosiasi atas hasil kerja yang telah dilakukan DPR selama Masa Sidang III .","Statement"
"759","Hal penting yang perlu saya sampaikan kepada Anggota DPR pada kesempatan ini, bahwa selama Masa Reses setiap Anggota DPR perlu menyerap aspirasi masyarakat dan kebutuhan daerah untuk kemudian dirasionalisasi dan diformulasikan sebagai usulan program pembangunan daerah pemilihannya masing- masing .","Statement"
"760","Ini dimaksudkan untuk mengakomodasi hak Anggota DPR sebagaimana diatur dalam Pasal 80 huruf j Undang-undang tentang MD3 dan Pasal 195 Tata Tertib DPR Rl yang kemudian disinkronkan dengan Program Pemerintah, sehingga setiap Anggota DPR memiliki kesempatan untuk mengajukannya dalam Pembicaraan Pendahuluan dalam rangka Penyusunan Rancangan APBN dan RKA K/L pada masa sidang yang akan datang bersama Pemerintah .","Statement"
"761","Hal ini merupakan konsekuensi dari sumpah Anggota DPR untuk memperjuangkan aspirasi daerah yang pelaksanaannya dilakukan oleh Pemerintah .","Statement"
"762","Dan akhirnya dengan mengucapkan saya atasnama Pimpinan DPR Rl, mengumumkan pada seluruh rakyat Indonesia mulai besok DPR memasuki masa reses, Masa Persidangan III Tahun Sidang 2014-2015 .","Statement"
"763","Masa Persidangan IV akan dimulai tanggal 18 Mei 2015 .","Other"
"764","Semoga Tuhan Yang Maha Kuasa senantiasa memberikan kekuatan dan petunjuk pada kita sekalian .","Statement"
"765","Terima kasih .","Other"
"766","Wassalamu alaikum Warahmatullahi Wabarakatuh .","Other"
"767","KETUA RAPAT (FADLI ZON, SS, MSc):Terima kasih kepada yang terhormat Ketua DPR Rl .","Statement"
"768","Dengan demikian selesailah Rapat Paripurna Dewan pada hari ini .","Other"
"769","Selaku Pimpinan Rapat kami mengucapkan terima kasih kepada yang terhormat para Anggota Dewan dan hadirin sekalian atas ketekunan dan kesabarannya dalam mengikuti Rapat Paripurna Dewan pada hari ini .","Statement"
"770","41Dengan seizin Sidang Dewan perkenankan kami menutup Rapat Paripurna dengan ucapan Alhamdulillahhirabbilalamin .","Other"
"771","Wassalamualaikum Warrahmatullahi Wabarakatuh .","Other"
"772","(RAPAT DITUTUP PUKUL21 .","Other"
"773","15 WIB)Jakarta, 24 April 2015KETUA RAPAT,FADLI ZON, S. S. , Wi .","Other"
"774","Sc .","Other"
